"http://vinoalvino.org/blog/2007/07/sudtirol-ist-nima-allora-l%e2%80%99alto-adige-e-non-e-italia.html",4
"se-allora-altrimenti",4
"allora-anche",3
"allora-presidente",3
"allora-OMISSIS",2
"http://es.feedbooks.com/item/1540792/joshua-allora-e-oggi",2
"https://www.libroco.it/dl/Friedrich-Nietzsche-Jane-facile-e-allora-Con-gadget/cw929963445404355.html",2
"allora-bambini",2
"http://anoressiabulimiaafterdark.blogspot.it/2010/12/e-allora-dicembre-lo-si-inizia-noi.html",2
"allora-oggi",2
"http://francy-ladolcevita.blogspot.it/2013/03/compliblogallora-giveaway.html",2
"allora-non",2
"allora--Ferdi2005",2
"allora-Mò",1
"allora-conferenza",1
"allora-1",1
"allora-Pacifico",1
"allora-Papa",1
"allora-1929",1
"Quando-questo-allora-che",1
"allora-Presidente",1
"allora-Stanford",1
"allora-1951",1
"allora-adesso",1
"allora-alla",1
"allora-24-year-old",1
"Restituitelaallora-esclamò",1
"Dallora-Gianluca",1
"allora-cinque-anno-vecchio",1
"allora-conclude",1
"allora-secondo-in-comando",1
"allora-confessa",1
"allora-culturale",1
"allora-defunto-ma-più-semplicemente-ed-evidentemente-scomparso",1
"allora-dire-lui-a-domestico-suo-stesso",1
"allora-dissero",1
"allora-e",1
"allora-esclamò",1
"allora-essenziali",1
"allora-facciamo-un-gruppo-e-ti-sfasciamo-il-partito",1
"allora-fidanzato",1
"allora-franchising",1
"allora-guida",1
"allora-la",1
"allora-la-sua-storia-è-tutta-una-bufala",1
"allora-marito",1
"allora-analoghe",1
"http://www.antoniosocci.com/2010/11/allora-parliano-davvero-di-sesso-e-paradiso",1
"allora-nominato",1
"allora-mi",1
"allora-25",1
"http://www.pergrazia.com/apologetica/se-il-corano-e-vero-allora-il-corano-e-falso/2014",1
"allora-non-ancora-Fidanzato",1
"allora-astanti",1
"allora-non-meglio-definita",1
"allora-nuovo-oggi-defunto",1
"allora-attiva",1
"allora-600",1
"accidenti-allora-votiamo-no-così-poi-facciamo-gli-oppositori-paladini-antitasse",1
"allora-redditizio",1
"allora-rispose",1
"allora-romanzo",1
"allora-se",1
"allora-secret",1
"allora-segreto",1
"allora-semprechè",1
"allora-senza",1
"allora-si",1
"allora-successo",1
"allora-tanto-vale-non-postare",1
"allora-territoriale",1
"allora-tik",1
"allora-trio",1
"apocalittica-fine-del-mondo-è-prossima-e-allora-avanti-io-sono-pronto",1
"crittografia-allora-MAC",1
"da-Cioé-e-allora-comprati-il-Cioé-e-lascia-stare-Witch",1
"da:http://www.meteoweb.eu/2012/01/la-terra-ha-raggiundal-sole-ma-allora-perche-siamo-in-inverno/108361",1
"faccio-tanto-allora-non-mi-si-deve-dire-nulla",1
"fino-ad-allora-immoddabili",1
"futura-giornalista-ma-allora-cantante",1
"hanno-fatto-i-miei-capitani-e-allora-perché-io-non-dovrei",1
"http://beautynews.blogosfere.it/2008/05/capelli-ricci-allora-plopping.html",1
"http://blog.giallozafferano.it/loscrignodisusy/cenera-e-gustosa-e-allora-orata-al-forno-con-verdure/",1
"http://cernuscotv.wordpress.com/2009/03/11/e-allora-impegnamoci-su-10-punti-chiari",1
"http://claudiogiorno.wordpress.com/2013/07/08/non-sapevano-leggere-e-allora-guardavano-le-figure",1
"https://www.antoniosocci.com/allora-parliano-davvero-di-sesso-e-paradiso/",1
"http://fortresseurope.blogspot.it/2013/10/non-sei-tu-il-mare-e-allora-rispondimi.htmla",1
"https://www.liberoquotidiano.it/news/personaggi/13-allora-non-chiamiamo-matteo-salvini-leghisti.html",1
"allora-od",1
"http://internetmanagerblog.com/2011/12/12/costruir-senza-fondamenta-e-allora-perche-sul-digitale-si",1
"http://lenoncreazionidigio.blogspot.com/2011/11/allora-o-mangio-sta-minestra.html",1
"http://piemontenews.wordpress.com/2013/04/26/pugnoducia-e-allora-il-pd-che-fa-li-caccia-wanda-marra",1
"http://web.rifondazione.it/home/index.php/12-home-perra-shock-matrimoni-gay-allora-anche-con-animali",1
"https://www.micciacorta.it/2019/12/stragi-di-stato-e-allora-adesso-apriamo-i-dossier",1
"http://www.beppegrillo.it/movimento/parlamento/201ensione-allora-vai-in-banca-e-chiedi-un-mutuo.html",1
"http://www.finanze.net/news-ma-allora-e-vero-i-daton-sono-attendibili-5005-c-vale-un-minuto-202.html",1
"http://www.maurizioblondet.it/vogliono-guerra-allora-ricordi",1
"allora-presi",1
"allora-pochi",1
"allora-buona",1
"http://www.river-blog.com/2012/06/08/il-grillino-nozze-gay-allora-anche-nozze-con-gli-animali",1
"http://www.sevedb.com/e-allora-questa-ipad/",1
"https://circolovegetarianotreia.wordpress.com/2017-fa-povera-italia-di-allora-povera-italia-di-oggi",1
"https://gesuallumanita.blogspot.com/2013/05/19-maggio-2013-e-allora-non-appena-si.html",1
"https://it.ign.com/death-stranding-ps4/162671/opinion/dite-la-vostra-ma-allora-death-stranding-come",1
"https://nonunadimeno.wordpress.com/2017/01/17/8-manostre-vite-non-valgono-allora-ci-fermiamo/indetto",1
"https://paolodarpini.blogspot.com/2018/10/quando-sai-che-e-taci-allora-tu-non-sei.html",1
"https://www.joimag.it/il-sionismo-allora-ed-oggi-prima-parte/",1
"https://www.tvdigitaldivide.it/digitale-terrestre-fvg-niente-segnale-rai-allora-non-paghi-il-canone/",1
"allora-quattro-anni-figlia",1
"allora-campionato-record",1
"https://www.micciacorta.it/2019/12/stragi-di-stato-e-allora-adesso-apriamo-i-dossier/#respond",1
"https://www.micciacorta.it/2019/12/stragi-di-stato-e-allora-adesso-apriamo-i-dossier/feed",1
"https://www.publiccompanypeople.com/it/post/hai-la-sclerosi-multipla-allora-non-puoi-diventare-mamma",1
"ma-se-io-dico-a-caia-cosa-penso-di-tizio-allora-sto-sparlando",1
"meno-allora-perfetto",1
"non-allora-vissuto",1
"non-so-cos''è-allora-sarà-quello",1
"allora-raccolti",1
"se-questo-allora-quello",1
"se-allora-questo-principio",1
"se-succede-allora-fai",1
"tratti-dati-sensibili-allora-devi-nominare-un-dpo-ecco-il-corso",1
"vorrei-ma-non-posso-e-allora-mi-leggo-julia-che-mi-capisce",1
"se-non-ti-ha-punto-la-zecca-e-se-non-hai-avuto-eritema-migrante-allora-la-Borrelia-è-improbabile",1
"allora-ragazzo",1
"allora-caparbia",1
"allora-Mediterraneo",1
"allora-Leggendo",1
"Ma-allora-te-lo-meriti",1
"Ah-bè-allora-se-non-sente-niente",1
