"appena-appena",68
"appena-trendy-abbastanza",6
"https://www.blitzen.it/blog/tartarughe-di-terra-appena-nate-cosa-fare/",4
"appena-in-tempo",3
"appena-nato",2
"proprio-appena-mi-ero-messa-a-scrivere-con-le-migliori-intenzioni",2
"appena-post",2
"appena-dopo-Bagheria",1
"appena-appena-moderato",1
"Non-sperare-di-addormentarti-quando-mi-cerchi-smetto-ma-appena-provi-a-dormire-ricominciooooo",1
"appena-appena-poco-più-in-gel",1
"appena-pena-pena",1
"appena-esistere",1
"appena-ex",1
"appena-fuggita-da-ospedale-psichiatrico",1
"appena-secondo",1
"appena-iscritto-al-forum",1
"appena-morso",1
"appena-meno-giocattolo-di-quella-delle-coco-rosie",1
"appena-arrestati",1
"alias-bomba-atomica-in-procinto-di-esplodere-appena-verrà-a-contatto-con-la-ragazza",1
"<a name=""cpn_18_appena-sbarcato-gameon"">",1
"appena-nata",1
"appena-nate",1
"appena-arrivati",1
"appena-nati",1
"http://autonomie.regione.emilia-romagna.it/news/20i-progetti-appena-approvati-sulla-sicurezza-urbana",1
"appena-percettibile",1
"http://heroquestgame.com/news/2017/04/heroquest-25th-appena-consegnato",1
"appena-praticamente",1
"appena-presente",1
"appena-quasi-guarita-dall''influenza",1
"appena-scesi-dal-letto",1
"appena-scritto",1
"http://www.modellismo.net/forum/mini4wd-principian-appena-comprato-una-mini-ho-delle-curiosita.html",1
"appena-separazione",1
"appena-settembrine",1
"appena-stato",1
"appena-trapassato",1
"appena-trascorso-lunedì",1
"appena-tre",1
"https://www.gazzettatorino.it/avventure-di-un-romanzo-appena-terminato-4/feed",1
"appena-trentenni",1
"appena-uscita-dalla-doccia",1
"appena-uscita-dalla-tomba",1
"appena-volata-in-cielo",1
"aria-congelamento-pulisco-casa-e-poi-pretendo-il-caldo-appena-chiudo",1
"auto-ultimo-modello-appena-uscito",1
"basso-e-piatti-appena-sfiorati",1
"notebook-appena-appena",1
"balestra-appena-acquistata-in-un-negozio-di-souvenir",1
"appena-assunto",1
"appena-acquisto",1
"che-cosa-ha-appena-detto",1
"che-ha-appena-comprato-l''attico-che-volevamo-noi",1
"appena-non-più-teenager",1
"da-rivedere-sempre-appena-possibile",1
"v=1httpit/foto-immagine-bambino-appena-nato-49301127.html",1
"http://doppiavocale.forumattivo.com/presentiamoci--mie-impressioni-a-corso-appena-terminato-t904.htm",1
"http://forum.alfemminile.com/forum/F477/__f882_F47zze-appena-stata-dal-dietologo-per-ingrassare.html",1
"http://gossip.fanpage.it/ilary-blasi-ha-la-celluliha-appena-partorito-e-il-lato-b-e-gia-da-applausi/",1
"www.gesuama.it/appena-una-settimana-fa-eravamo-qui-al/",1
"http://ilblogdilameduck.blogspot.com/2008/06/tornate-indietro-appena-potete.html",1
"http://it.emcelettronica.com/internet-delle-cose-webserver-embedded-open-source-appena-8-cm",1
"http://multiplayer.it/notizie/82839-deus-ex-deus-e-appena-099-sul-games-for-windows-marketplace.html",1
"http://petrolio.blogosfere.it/2010/02/lambro-depeni-gli-scarichi-inquinanti-appena-20-giorni-fa.html",1
"http://retelabuso.org/questo-e-il-servizio-appena-4-anni-ebbi-un-figlio-da-un-prete-don-pietro-tosi",1
"http://tv.quattroruote.it/mondo-q/flash/video/la-fiat-tipo-a-5-porte-appena-arrivata-per-la-prova",1
"http://vulvodiniapuntoinfo.forumitalian.com/t555-ecco-anche-me-appena-iscritta-la-storia-di-umaima",1
"http://www.bensos.com/rendere-piu-sicuri-gli-indumenti-appena-acquistati/.",1
"http://www.cosentinoimmobiliare.it/Immobile/tre-vani-arredato-appena-ristrutturato/",1
"http://www.gqitalia.it/underground/2014/10/14/danifaceva-scattare-le-foto-coi-pazienti-appena-morti",1
"http://www.mag24.es/2017/09/08/cosa-succede-al-nosmo-se-beviamo-acqua-a-stomaco-vuoto-appena-svegli",1
"dinosauro-Universo-appena-nato",1
"appena-out-of-the-box",1
"appena-ci",1
"http://www.radiospada.org/2016/10/il-presidente-del-peru-ha-appena-consacrato-ufficialmente-il",1
"http://www.rischiocalcolato.it/2014/02/apple-sbattal-suo-app-store-la-guerra-e-appena-allinizio.html",1
"http://www.serviziopubblico.it/2015/02/lincubo-e-appena-cominciato",1
"http://www.stopcensura.com/2011/09/senatori-hanno-lavorato-appena-62.html",1
"http://www.stradaperunsogno.com/t28873-mi-presentoappena-approdata-qui",1
"https://forum.guidaestetica.it/rimozione-tatuaggi/tuaggio-appena-fatto-per-cover-up-venuto-male-5745",1
"https://gesuallumanita.blogspot.com/2013/05/19-maggio-2013-e-allora-non-appena-si.html",1
"https://paolodarpini.blogspot.com/2020/11/usa-la-disintegrazione-e-appena-iniziata.html",1
"https://ricerca.repubblica.it/repubblica/archivio/si-sigilli-al-teatro-appena-riapertoFirenze06.html",1
"https://www.animalpedia.it/come-accudire-criceti-appena-nati-e-cuccioli-1946.html",1
"https://www.cai.it/montagne-360-di-aprile-arrivera-nelle-vostre-case-appena-possibile",1
"https://www.focus.it/ambiente/animali/video-tartarughe-caretta-caretta-appena-nate",1
"https://www.guidaestetica.it/labioplastica/esperienze/labioplastica-appena-effettuata-14644",1
"https://www.soundsblog.it/post/426612/chiara-dello-iacovo-appena-sveglia-album-canzoni-tracklist",1
"inappettente-bambino-appena-sveglio-poco-felice-di-andare-a-scuola",1
"mi-hanno-appena-detto-che",1
"mi-scopo-le-appena-maggiorenni-nel-backstage",1
"mi-sono-appena-alzato",1
"mi-sono-appena-fatto-una-dose",1
"mi-sono-appena-lavato-i-denti",1
"mi-sono-appena-svegliata",1
"mi-è-appena-apparsa-la-Madonna",1
"minchia-quando-io-avevo-12-anni-quella-lì-era-appena-nata",1
"non-detto-e-lasciato-appena-intuire",1
"non-mi-ricordo-più-chi-fosse-ieri-sera-ma-tu-che-mzienda-appena-posso-piergianluca-filippopaolomaria",1
"dotata-appena-appena",1
"pancino-appena-normale",1
"pomeriggio-proprio-appena-dopo-pranzo",1
"presente-appena-passato",1
"dotate-appena-appena",1
"appena-passata",1
"quante-cose-sono-riuscita-ad-accumulare-in-appena-un-anno-di-convivenza",1
"regolamento-del-forum-elettrico-leggere-appena-registrati-t9846.html",1
"si-è-appena-alzato-dal-letto-dopo-una-lunga-notte",1
"sole-appena-nato",1
"sono-appena-stata-mollata",1
"sopra-appena-detto",1
"stelle-appena-nate",1
"ti-strappo-gli-occhiali-appena-sveglia",1
"v=1http-fiore-che-e-appena-stato-annacquato-58198692.html",1
"v=1http.it/foto-immagine-appena-sposato-van-72268081.html",1
"v=1httpa-di-cibo-appena-prima-del-tramonto-129652838.html",1
"v=1httpade-del-marais-appena-dopo-il-lavoro-80061972.html",1
"v=1httpdalie-appena-raccolto-dal-allottment-39219201.html",1
"ex-appena-lasciato",1
"v=1httpne-che-ha-appena-preso-un-teal-image338656044.html",1
"v=1httpnt-con-appena-creato-letti-sollevata-48663233.html",1
"v=1httpo-auto-appena-al-di-fuori-della-baia-51721367.html",1
"v=1httpo-pane-appena-sfornato-e-dolci-image211186537.html",1
"v=1httpotocamera-con-appena-il-suo-naso-e-e-27756569.html",1
"v=1httppieno-di-olive-appena-raccolte-image392182524.html",1
"v=1httprganic-broccoli-appena-raccolto-image66412063.html",1
"v=1httpe-appena-leaf-perche-non-la-rugiada-309786674.html",1
"www.investireoggi.it/economia/il-venezuela-alza-il-del-30-ma-al-cambio-reale-vale-appena-13-dollari",1
"v=1httpermit-melanzane-appena-raccolto-image66412032.html",1
"finta-pelle-di-vecchio-elefante-che-ha-appena-tirato-le-cuoia",1
"appena-passato",1
"appena-circa",1
"appena-aperta",1
"Brianza.https://primamonza.it/cronaca/tre-micette-di-appena-15-giorni-salvate-dallenpa",1
"3034-Ho-appena-visto-a-teatro&referrerid=0",1
