"http://limes.espresso.repubblica.it/2008/02/15/lamerica-teme-di-nuovo-mosca",4
"https://direzioneritorno.it/come-far-innamorare-di-nuovo-un-ex-o-una-ex-10721",2
"https://anarhija.info/library/francia-di-nuovo-al-ien-dalla-prigione-di-fleury-meregis-it",2
"di-nuovo-eppur-d''antico",2
"distorsione-del-niente-di-nuovo-est",2
"http://www.01net.it/l-antitrust-multa-di-nuovo-h3g/0,1254,0_ART_145418,00.html",2
"http://clubsupermarathon.it/maratone/3492-teichwiesen-niente-di-nuovo-sul-fronte-nord.html",2
"buenti-veneto-multiproprieta-s-r-l-di-padova-di-nuovo-in-giu",1
"di-nuovo-alleati",1
"Scattò-di-nuovo-e-prese-a-correre-correre-correre",1
"http://blog.rodigarganico.info/2015/eventi/rodi-di-nuovo-capitale-delle-arance-garganiche",1
"http://acenadaste.blogspot.com:80/2008/10/e-di-nuovo-faccio-il-pane.html",1
"http://amato.blogautore.repubblica.it/2011/03/01/d0-nulla-di-nuovo-sotto-il-sole-parola-di-brunetta",1
"http://andantecongusto.blogspot.it/2012/11/di-nuovo-con-le-mani-in-pasta-i-miei.html",1
"http://associazionesuperpartes.it/2017/01/04/la-di-nuovo-decreto-mutui-gli-obblighi-precontrattuali",1
"http://quello-che-mi-pare.blogspot.it/2014/10/merda-news-tutto-quanto-di-nuovo-e.html",1
"http://borderline83.blogspot.it/2012/12/vorrei-di-nuovo-una-barbie.html",1
"http://cultura.nanopress.it/articolo/la-danzatriceova-ha-di-nuovo-le-braccia-le-polemiche-foto/5943",1
"http://www.affaritaliani.it/politica/governo-m5s-a-di-nuovo-candidato-premier-537825.html",1
"di-nuovo-occupati",1
"Siamo-di-nuovo-qui",1
"DropNews05/06/2020https://www.dropnews.it/2020/06/05/piutre-il-fantaei-sogni-i-campioni-del-passato-di-nuovo-in-campo",1
"http://www.fainotizia.it/2009/02/27/la-feccia-ebra-insulta-di-nuovo-papa-benedetto-xvi-e-i-cristiani",1
"http://gossip.fanpage.it/facchinetti-avrebbe-un-numore-la-marcuzzi-e-di-nuovo-lontana/#ixzz2wOorHLpx",1
"http://fashionismyroad.blogspot.it/2012/07/qualcosa-di-nuovo-sul-fronte-ballet.html#comment-form",1
"http://gretascorner.blogspot.com/2011/06/kakiage-sobaed-e-di-nuovo-mtc.html",1
"http://italian.ruvr.ru/news/2014_11_21/I-militari-ardano-di-nuovo-i-centri-abitati-nel-sud-est-0996",1
"http://kadett.forumattivo.com/t273-e-tre-dopo-la-kadett-e-la-c-ecco-di-nuovo-una-b-20-anni-dopo",1
"http://libridilo.blogspot.it/2013/07/i-libri-di-lo-riceve-di-nuovo-il.html",1
"https://direzioneritorno.it/come-fare-innamorare-di-nuovo-ex-di-te-11044",1
"http://oggiscienza.wordpress.com/2010/03/01/acqua-pubblica-a-parigi-e-di-nuovo-realta",1
"http://paciocchidifrancy.blogspot.com/2011/01/gioco-di-nuovo-n3-involtini-di-verza.html",1
"http://parer.ibc.regione.emilia-romagna.it/notiziei-20-anni-del-web-di-nuovo-on-line-la-prima-pagina",1
"http://pontiniaecologia.blogspot.com/2011/07/pontinia-via-del-murillo-di-nuovo-fuoco.html",1
"https://www.vespaonline.com/forum-principale/le-chria-fotografica-e-di-nuovo-online.html#post1187475",1
"http://tv.fanpage.it/lorenzo-crespi-di-nuovo-contro-barbara-d-urso-e-pomeriggio-5/#ixzz2wb6cck6b",1
"http://viaggi-cucina-e-io.blogspot.com/2007/05/di-nuovo-in-umbria.html",1
"tutto-di-nuovo-possibile",1
"v=1httpenimento-di-nuovo-i-gattini-iowa-usa-18815692.html",1
"http://www.brundisium.net/index.php/di-nuovo-al-via-il-centro-diurno-raggio-di-sole/",1
"http://www.circolovegetarianocalcata.it/2015/10/25te-del-sud-est-niente-di-nuovo-la-guerra-e-finita",1
"http://www.dagospia.com/rubrica-29/cronache/marcinparizione-emanuela-orlandi-nuovo-romanzo-79155.htm",1
"http://it.contrainfo.espiv.net/2012/02/12/grecia-sttato-di-varkiza-e-rotto-siamo-di-nuovo-in-guerra",1
"ecipar-emilia-romagna-al-rinnovo-degli-organi-gualtiero-ghirardi-nuovo-presidente-regionale",1
"Thread-Niente-di-nuovo-dai-Campi-Elisi",1
"http://www.freeplaying.it/2017/09/22/lenorme-pad-oale-della-prima-xbox-presto-di-nuovo-in-commercio",1
"http://www.gionata.org/nel-lexicon-vaticano-sullomta-nulla-di-nuovo-ma-solo-affermazioni-discutibili",1
"http://www.ilpost.it/2012/07/08/largentina-e-di-nuovo-vicina-al-default",1
"http://www.italia-news.it/politica-c14/omofobia--bo-di-nuovo-ddl--paola-concia-si-dimette-67529.html",1
"http://www.lastampa.it/2014/05/29/italia/cronache/di-nuovo-emigranti-pi-italiani",1
"http://www.liberoquotidiano.it/news/economia/12302razia-bomba-400-miliardi-nuovo-regolamento-ue.html",1
"http://www.libreriamalavasi.com/libri-antichi/ricerentino-di-nuovo-illustrato-arte-de-medici-e/30880",1
"http://www.loudvision.it/cinema-news-danny-de-vito-di-nuovo-dietro-la-macchina-da-presa--3102.html",1
"http://www.mammavvocato.blogspot.it/2014/01/qualcosa-di-nuovo-mamma-avvocato-in.html",1
"http://it.euronews.com/2017/11/17/trofei-di-cacciatici-negli-usa-si-possono-di-nuovo-importare-trump",1
"http://www.megalab.it/29/microsoft-ferma-lo-sviluppo-di-nuovo-software-per-un-mese",1
"http://www.movieplayer.it/news/15501/liam-mcintyre-spartacus-e-di-nuovo-tra-noi",1
"http://it.notizie.yahoo.com/amanda-e-raffaele-di-nuovo-insieme-york-le-124000576.html",1
"ex-di-nuovo-comico",1
"http://www.shannon.it/blog/cosa-ce-di-nuovo-su-oilproject/",1
"http://www.unionecastelli.it/news/acqua-di-nuovo-p-e-venetica/",1
"http://www.unionecastelli.it/news/acqua-di-nuovo-prustico-traversa-mazzangrugno-quercetta-e-venetica",1
"https://altadefinizione.dance/niente-di-nuovo-sul-fronte-occidentale-streaming/",1
"http://www.murzillosaporito.com/post/2011/10/17/Variazione-sul-Profiteroleed-e-di-nuovo-MTC",1
"https://itakon.it/varie/cinema-sale-di-nuovo-chiusino-al-24-novembre-duro-colpo-per-il-settore.html",1
"https://itakon.it/varie/x-men-james-marsden-e-di-nuovo-cyclops-dopo-20-anni-dal-primo-capitolo.html",1
"https://www.arcidiocesibaribitonto.it/pubblicazionlascia-enzo-bianchi-luciano-manicardi-nuovo-priore",1
"https://www.arcidiocesibaribitonto.it/pubblicazionmanicardi-nuovo-priore/",1
"https://www.fotoinfo.net/news/1453/news--il-fotogiismo-italiano-brilla-di-nuovo-al-world-press-photo",1
"https://www.greatitalianfoodtrade.it/progresso/pesticidi-omicidi-ed-ecocidi-nuovo-rapporto-onu",1
"https://www.ilfattoquotidiano.it/2018/01/07/aemilia-divisa-ora-tocca-di-nuovo-alla-politica/4061541",1
"https://www.ilfoglio.it/il-foglio-internazionale/28/news/la-bolla-sta-per-scoppiare-di-nuovo-171968",1
"https://www.sannioportale.it/articoli/Dal-Web/Anteari-de-la-solidariet-di-nuovo-in-campo-2798326.asp",1
"http://www.noisaremotutto.org/2015/04/16/di-nuovo-al-fronte-con-la-prizrak-14-aprile",1
"http://italian.ruvr.ru/2014_09_09/Rapporto-preliminare-sul-Boeing-777-Niente-di-nuovo-6423",1
"nulla-di-nuovo-dicenti",1
"opposizione-maggioranza-per-un-giorno-e-poi-di-nuovo-opposizione",1
"ora-di-nuovo-nostro",1
"poco-di-nuovo-da-dire",1
"primo-decennio-di-nuovo-millennio",1
"uno-che-ha-qualcosa-di-nuovo-da-dire",1
"http://www.pagina99.it/news/politica/7569/Privatiz-di-nuovo-nell-era-Renzi.html#sthash.g2Qo01W7.dpuf",1
"v=1httpla-palla-di-nuovo-al-guardiano-image392348525.html",1
"www.lacittaquotidiano.it/ponte-vezzola-chiude-di-nuovo-ma-dopo-natale/Buone",1
"www.lastampa.it/2014/03/20/multimedia/esteri/mutil-balla-di-nuovo-ApsX5BFhFEAB6aV0hVGHJL/pagina.html",1
"http://www.psicologiafunzionale.it/sef/interviste/nto-di-nuovo-il-ruolo-tra-psicoterapia-e-medicina/",1
"http://italian.ruvr.ru/2014_11_12/A-Donetsk-di-nuovo-colpi-di-artiglieria-ed-esplosioni-5536",1
"facile..http://mollyincucina.blogspot.com/2011/01/di-nuovo-stelleper-non-essere-troppo.html",1
"avevo-iniziato-cose-importanti-e-sono-di-nuovo-qui",1
"Passato-che-si-fa-di-nuovo-Presente",1
"2633-Il-film-di-Halo-di-nuovo-in-pista&referrerid=0",1
