"forse-forse",30
"leader-forse-uscente",6
"forse-dico",6
"forse-fidanzato",5
"leader-forse-entrante",4
"forse-ma-forse",3
"http://www.ccpo.it/comunita/montenovonostro/42103-re-forse-che-gli-amministratori-non-se-ne-curano",3
"forse-non",3
"http://www.cucchiaio.it/articolo/26-ricette-autunnali-che-forse-non-avete-mai-cucinato-prima",2
"http://limes.espresso.repubblica.it/2008/02/14/chi-ha-ucciso-mughniye-forse-non-israele",2
"forse-candidato",2
"forse-quasi",2
"forse-alieni",2
"semi-quasi-fidanzato-forse-più-scopamico",2
"http://www.circolovegetarianocalcata.it/2018/04/11oglietto-di-carta-forse-e-lultima-cosa-che-farete",2
"forse-come",2
"http://www.ecoblog.it/post/10637/la-sola-del-reattuoto-areva-rimanda-lavvio-forse-alla-fine-del-2012",2
"http://italia.reteluna.it/it/forse-il-numero-dei-cubbio-sui-dati-della-protezione-civile-AdKjj.html",2
"forse-quasi-chi-lo-sa",2
"http://lapiccolameladifabio.blogspot.it/2011/05/forse-non-tutti-sanno-che-hard-disk-dei.html",2
"forse-lizzy",2
"forse-chissà",2
"http://www.cucchiaio.it/articolo/20-ricette-estive-che-forse-non-avete-mai-cucinato-prima",2
"forse-padre",2
"http://it.feedbooks.com/item/844522/forse-arriva-un-angelo",2
"forse-futuro",2
"forse-il",2
"forse-intervista",2
"http://www.formulapassion.it/2015/10/f1-red-bull-gia-in-forse-il-primo-test-pre-stagionale-2016",2
"https://www.libroco.it/dl/Morabito-Marrone/Alinea-e-forse-si-costruira-domani/cw989152446808100.html",2
"forse-non-Vampiro",2
"il-corso-di-laurea-che-non-ti-dà-lavoro-ma-ti-fa-c-lo-dileggia-senza-averlo-seguito-forse-non-sa-cos''è-la-comunicazione",2
"forse-riforma",2
"forse-relatore",2
"http://www.circolovegetarianocalcata.it/2018/11/11reddo-o-forse-il-contrario-san-martino-aiutaci-tu",2
"http://bioregionalismo-treia.blogspot.it/2013/03/francesco-un-papa-ecologico-forse-egli.html",2
"https://www.libroco.it/dl/Manuela-Salvi/Arnoldo-Moente-o-forse-un-vero-bacio",2
"forse-Lizzy",2
"http://cafeafrica.it/2014/06/26/kenya-uganda-ruanda-burundi-e-forse-sud-sudan-uniti-da-un-treno",2
"di-quel-tessuto-che-se-lo-tocchi-pare-di-toccare-stoffa-o-forse-è-davvero-stoffa",1
"difetti-forse-e",1
"al-limite-e-forse-oltre",1
"diventare-cinica-e-poi-invece-forse-un-pò-lo-é-diventata",1
"due-forse-quasi-tre",1
"allarme-verde-o-forse-no-la-dieta-vegetariana-del-grande-genio",1
":http://lunanerazzurra.blogspot.it/2012/03/al-via-il-mio-primo-e-forse-unico.html",1
"due-righe-forse-meno",1
"duologia-forse-trilogia",1
"alternative-metal-anzi-nu-metal-forse-hardcore-insomma-molto-più-che-rock",1
"e-forse-da",1
"europeo-forse-un-po",1
"annunciato-ma-sospeso-ma-forse-chissà",1
"Colui-che-forse-È",1
"1495forse-1554",1
"eventualemente-forse-chissà",1
"evitare-forse-il",1
"arredo-fai-da-te-e-forse-è-meglio-che-ti-fai-aiutare-altrimenti-finisci-con-l''avvitatore-elettrico-fuso-in-mano",1
"forse-non-gli-piaccio-forse-non-gli-piaccio",1
"forse-certo",1
"forse-che-no",1
"forse-che-sì",1
"forse-che-sì-forse-che-no",1
"forse-chi",1
"forse-passare",1
"forse-chissà-perché",1
"forse-chissà-speriamo",1
"forse-ci",1
"forse-ciao",1
"forse-quasi-gommonauta",1
"forse-come-Colei-con-nome-di-fiore",1
"forse-comica",1
"forse-con",1
"forse-corrispondere",1
"forse-dati",1
"forse-dato",1
"forse-di",1
"forse-talvolta",1
"forse-doloso",1
"forse-difficilmente",1
"fantasma-misterioso-che-forse-fantasma-non-è",1
"forse-dorato",1
"forse-e-sopratutto",1
"farà-potrebbe-forse-chissà-magari-vattelapesca",1
"aspirante-forse-chissà-futuro-uditore",1
"Eriberto-Luciano-e-forse-mille-altri-nomi",1
"forse-elettori",1
"forse-entrante",1
"fine-di-un-grande-amore-che-forse-poteva-portare-al-matrimonio",1
"forse-esistente-forse-no",1
"forse-esoterico-marziale",1
"forse-Aegon",1
"assorta-forse-un-po",1
"http://bioregionalismo-treia.blogspot.it/2012/11/cristo-non-e-morto-in-croce-e-forse-non.html",1
"forse-ex-ragazzo",1
"forse-ex",1
"forse-fallo",1
"forse-falso",1
"forse-Mundus",1
"avrebbe-forse-risposto",1
"Ho-ottantotto-amici-forse-ottantanove-con-franci",1
"15-Soyuz-forse-più-costoso-della-storia&referrerid=0",1
"1205forse-23",1
"forse-fidanzata",1
"http://de.feedbooks.com/item/981924/forse-non-tutt-che-a-roma",1
"forse-Pdl",1
"http://fabioletterario.blog.kataweb.it/il_mio_webl/03/ingrid-e-uscita-dalla-foresta-e-forse-anchio",1
"forse-forse-forse",1
"forse-Risposi",1
"cattivo-forse-buono",1
"http://italia.reteluna.it/it/forse-il-numero-dei-cbbio-sui-dati-della-protezione-civile-AdKjj.html",1
"forse-futuro-fidanzato",1
"forse-Tav",1
"forse-futuro-fratellastro",1
"forse-greco",1
"forse-aggiunse",1
"cattivo-ma-forse-no",1
"Se-forse-ma-perchè-se",1
"http://mondorosashokking.com/Dalla-Libreria-Rosa-Sin-Italia--nonostante-o-forse-grazie-al-lockdown-/",1
"forse-interessati",1
"forse-aliena",1
"http://www.feedbooks.com/item/1993569/forse-non-tue-in-puglia",1
"forse-non-là",1
"forse-non-si-sa",1
"forse-non-sono-stato-chiaro",1
"forse-non-tutti",1
"forse-non-tutti-sanno-che",1
"forse-notizia",1
"forse-notiziola",1
"forse-orale",1
"forse-organizzato",1
"http://www.megalab.it/7357/problemi-di-audio-con-firefox-4-forse-sappiamo-chi-e-il-colpevole",1
"forse-parenti",1
"http://www.moto.it/news/nico-cereghini-elettronica-forse-si-esagera.html",1
"forse-perfino",1
"forse-più",1
"forse-potevi",1
"forse-potrebbe",1
"forse-principi",1
"forse-qualcuno-si-è-spacciato-per-uno-di-noi",1
"forse-quando",1
"http://www.tomshw.it/cont/news/la-cassazione-e-traparente-ma-forse-esagera-e-la-privacy/59735/1.html",1
"http://www.tuttomercatoweb.com/serie-b/padova-foschi-domani-forse-si-chiude-per-hallenius-286445",1
"http://www.unipd.it/ilbo/content/liceo-quattro-anni-possibile-forse-ma.",1
"forse-quasi-mezzo",1
"forse-quasi-ritorno",1
"forse-questa",1
"forse-recuperato",1
"https://paolodarpini.blogspot.com/2019/06/no-non-siete-pazzi-forse-vi-state-solo.html",1
"forse-ricercatore",1
"https://vitoiuvara.com/2016/05/06/e3-2016-quello-che-forse-sara",1
"forse-romanzo",1
"forse-sarebbe-il-caso-di-fare-una-controllatina-vista-che-ap",1
"forse-si-forse-no",1
"forse-sicuramente",1
"forse-simbolicamente-ancora",1
"forse-speriamo-sarà",1
"forse-strumento",1
"forse-sì-anzi-sicuramente-sì",1
"ignorante-perchè-non-ho-studiato-e-forse-non-mi-applico-abbastanza",1
"forse-telefonino",1
"forse-temporaneo",1
"forse-tra",1
"forse-trentenne",1
"forse-troppo-complessa",1
"forse-trovare",1
"forse-un",1
"forse-un-giorno",1
"forse-uomo",1
"forse-vedremo",1
"forse-virus",1
"forse-è",1
"forse-è-stato",1
"forum.e-nail.it/dieta-ww-a-punti-forse-e-un-ot-t4122.html",1
"giorno-forse-se",1
"governo-nato-per-durare-ma-che-forse-non-durerà",1
"ha-forse-superate",1
"questo-è-uno-che-forse-ascolta-Ornette",1
"rosso-comunismo-forse-un-po",1
"http://blog.cesaregallotti.it/2012/02/regolamento-ue-sulla-privacy-forse-il.html",1
"http://blog.focus.it/effetto-terra/2012/10/11/il-mistero-degli-ufo-di-hessdalen-forse-risolto",1
"http://blog.rodigarganico.info/2014/gargano/scalfarotto-pd-per-gargano-si-decide-forse-giovedi",1
"si-forse-dai-no-ma",1
"http://de.feedbooks.com/item/1955686/forse-non-tuthe-a-milano",1
"http://de.feedbooks.com/item/2516740/forse-non-tutrande-inter",1
"http://de.feedbooks.com/item/2540719/forse-non-tutrande-milan",1
"http://de.feedbooks.com/item/2570516/forse-non-tute-in-friuli",1
"supereroe-forse-più",1
"http://docmanhattan.blogspot.com/2011/10/walking-dead-stagione-2-forse-ma-forse.html",1
"tuo-forse-se",1
"http://faremusic.it/2015/02/02/forse-non-lo-sapevate-la-sedia-di-lilla",1
"http://forum.cosenascoste.com/misteri/38981-risolto-forse-il-mistero-orb.html",1
"http://icaruscrane.blogspot.com/2009/11/la-notte-neraun-successo-che-forse-non.html",1
"http://nwo-truthresearch.blogspot.com/2011/11/vi-stavate-forse-chiedendo-cari-lettori.html",1
"http://paolodarpini.blogspot.it/2015/11/corano-forse-non-e-proprio-un-libro.html",1
"forse-interessato",1
"che-forse-lottano",1
"http://leonardo.com.unita.it/politica/2014/01/02/grillo-forse-chiede-aiuto",1
"forse-la",1
"http://limes.espresso.repubblica.it/2008/02/14/chi-ucciso-mughniye-forse-non-israele",1
"http://milanesi.corriere.it/2013/04/08/domeniche-senzauto-forse-e-il-caso-di-fare-un-referendum",1
"forse-lavoro",1
"forse-almeno",1
"http://nidienodi.blogspot.com/2011/10/nascosto-nascosto-forse-ho-anche-un.html",1
"http://noisefromamerika.org/articolo/dobbiamo-preoccuparci-deflazione-forse-che-si-forse-che-no",1
"http://notizie.tiscali.it/...-continuit-territoriale-siamo-forse-forse-figli-di-un-Dio-minore.html",1
"http://paolodarpini.blogspot.it/2014/07/forse-lucraina-sara-salva-se-i-suoi.html",1
"forse-libro",1
"http://parer.ibc.regione.emilia-romagna.it/notizieato201d-ma-forse-per-gli-archivisti-un-po2019-meno",1
"http://patatofriendly.blogspot.it/2013/01/oggi-ho-bisogno-di-umorismoo-forse-di.html#comment-form",1
"http://petardo.over-blog.it/2015/03/snack-multicerani-di-pata-forse-il-migliore-snack-del-mondo.html",1
"http://pokemonmillennium.progaming.it/forum/topic/poiler-forse-tutte-le-mega-evoluzioni-disponibili/",1
"http://pollycoke.wordpress.com/2007/03/15/kde4-forse-una-prima-data-sicura-per-il-rilascio",1
"http://raivaticano.blog.rai.it/2010/06/30/vito-man-la-pascendi-non-sara-forse-il-caso-di-rileggerla",1
"http://realityshow.blogosfere.it/2012/11/claudio-b-ricci-mi-mette-tra-i-rifatti-forse-sanremo.htmCon",1
"http://recordmeteo.altervista.org/forse-caduto-il--nazionale-del-chad-in-africa-lo-scorso-2-giugno",1
"forse-amante",1
"che-forse-questa-è-la-volta-buona",1
"Signore-in-cui-forse-non-credo-più",1
"17-forse-18",1
"http://ricerca.repubblica.it/repubblica/archivio/r/16/il-cardinale-disse-forse-la-mafia-nemmeno.html",1
"http://riciclaggiodellamemoria.blogspot.com/2018/11/gesu-forse-non-e-mai-esistito-e-se-e.html",1
"http://robertogalullo.blog.ilsole24ore.com/2010/02a-mafia-esiste-forse-che-s%C3%AC-forse-che-no.html",1
"forse-lo-sapremo-ma-anche-no",1
"http://scienze.fanpage.it/nel-medioevo-faceva-piu-il-riscaldamento-globale-forse-non-e-colpa-nostra/",1
"http://timelapseitalia.com/video/forse-",1
"forse-ma",1
"forse-amico",1
"http://tv.quattroruote.it/eventi/ces-2019/video/cosulle-auto-che-guidano-da-sole-forse-hyundai-lo-sa",1
"http://trapani.blogsicilia.it/2010/09/trivellazioni-concessioni-in-via-di-scadenza-o-forse-no",1
"http://verbaniafocuson.wordpress.com/2012/07/29/politicamente-scorretto-forse-ma",1
"http://www.accordo.it/articles/2009/08/26164/forse-e-solo-l-inizio.html",1
"forse-magari-chissà",1
"forse-amore",1
"chi-quando-dove-perché-adesso-chissà-forse-vediamo-proviamo",1
"http://www.aldomariavalli.it/2016/07/29/perche-il-papa-e-forse-fuori-sincrono-e-come-aiutarlo",1
"http://www.automoto.it/news/diesel-cancerogeni-forse-20-anni-fa-le-risposte-ai-commenti.html",1
"forse-magari-inviaipotetica-nonsisaancora",1
"http://www.automoto.it/news/diesel-cancerogeni-forse-una-volta.html",1
"http://www.autosvezzamento.it/un-bambino...-forse-no/",1
"forse-magari-mi",1
"forse-anche-portavoce",1
"http://www.ccpo.it/comunita/montenovonostro/36787-lia-ceravamo-tanto-amati-per-tre-anni-e-forse-piu",1
"forse-maitre",1
"http://www.circolovegetarianocalcata.it/2011/11/09non-ce-o-forse-chi-lo-sa-racchiusa-nel-vento-sara",1
"http://www.circolovegetarianocalcata.it/2013/08/11-anni-di-storia-in-due-paginette-forse-anche-vere",1
"forse-mamma",1
"forse-ancora-per",1
"consapevolezza-forse-di",1
"Vattelapesca-forse-Schifani-forse-Afano-forse",1
"http://www.feedbooks.com/item/2005679/forse-non-tue-a-bologna",1
"http://www.feedbooks.com/item/2930234/forse-non-tulia-romagna",1
"http://www.focus.it/cultura/arte/cose-che-forse-non-sai-su-leonardo-da-vinci",1
"http://www.forumtriumphchepassione.com/forum/il-ba30-forse-mi-sono-perso-qualcosa-8.html#post3413748",1
"http://www.freeplaying.it/2015/12/16/hideo-kojima-ami-e-sta-formando-un-nuovo-studio-forse-con-sony",1
"http://www.freeplaying.it/2016/01/07/la-protezioneevisto-la-crack-di-just-cause-3-forse-non-si-fara",1
"http://www.freeplaying.it/2016/06/17/anime-ajin-degonista-non-e-buono-ma-fondo-e-buono-forse-chissa",1
"http://www.iduepunti.it/francia/16_settembre_2011/la-provincia-forse-tancredi-%C3%A8-male-informato",1
"http://www.ilfattoquotidiano.it/2014/09/29/bari-tro-forse-era-nel-gruppo-spiaggiato-a-vasto/1137298",1
"http://www.ilgiornale.it/news/interni/liberi-monti-forse-pdl-850783.html",1
"http://www.ilgiornale.it/news/ne-hanno-fantasia-repubblica-forse-anche-troppa.html",1
"http://www.la7.it/omnibus/video/pizzarotti-m5s-201il-movimento-forse-per-il-peggio-07-09-2016-192587",1
"http://www.lettera43.it/attualita/forse-gesu-era-gay_4367551305.htm",1
"http://www.locandaradici.it/forse-non-tutti-sannio-che-....html",1
"http://www.luigiaccattoli.it/blog/articoli-del-corriere-della-sera/forse-il",1
"http://www.masonmassyjames.it/blog/forse-lo-sei-e-non-lo-sai-podcast-n-24",1
"http://www.maurizioblondet.it/forse-la-mappa-impazzire-erdogan/",1
"http://www.media.inaf.it/2010/09/29/scoperto-il-primo-pianeta-forse-abitabile",1
"http://www.circolovegetarianocalcata.it/2013/08/11nni-di-storia-in-due-paginette-forse-anche-vere",1
"http://www.megalab.it/7450/il-masterizzatore-non-rlcuni-dvd-forse-e-solo-un-problema-di-sporcizia",1
"http://www.meteoland.org/focus/593-inverno-20152016-terribile-o-forse-no",1
"http://www.miglioriamoci.net/prevenzione-forse-la-piu-grande-trappola-mai-innescata/",1
"http://www.circolovegetarianocalcata.it/2016/06/15amici-o-forse-degli-arconti-oppure-dei-rettiliani",1
"forse-manigoldi",1
"http://www.nonsprecare.it/il-mose-degli-scandali-c-quattro-volte-quanto-previsto-e-forse-non-servira",1
"http://www.nonsprecare.it/il-mose-degli-scandali-cuattro-volte-quanto-previsto-e-forse-non-servira",1
"http://www.pilloledistoria.it/6175/storia-antica/tvato-in-mare-relitto-fenicio-forse-antico-sempre",1
"http://www.pilloledistoria.it/9626/storia-contempoariste-galois-giovane-matematico-forse-mori-amore",1
"http://www.quotidianodifoggia.it/cronaca/3917-clamso-aeroporto-lisa-forse-riprenderanno-i-voli.html",1
"http://www.reporterliveitalia.info/2013/12/forse-non-ce-mai-stato-alcun-big-bang-e.html",1
"http://www.reportonline.it/2009070718201/scienze-eolari-forse-l-inizio-di-un-nuovo-ciclo-solare.html",1
"http://www.reset-italia.net/2009/10/04/gradisca-si-e-sposata-e-forse-e-anche-morta",1
"http://www.robertaforchildren.org/spettacolo-di-beneficenza-forse-sposi/",1
"http://www.scienziatodelcibo.it/2069-aspartame-dolcificante-cancerogeno-no-forse-si-vediamo",1
"http://www.silviaferretti.net/blog/io-forse-viaggio-ovunque-in-lombardia",1
"http://www.soveratonews.com/2003/04/09/forse-risolto-a-causa-delle-botte-ricevute-nel-carcere%c2%bb",1
"http://www.televisionando.it/articolo/fiction-alessio-boni-forse-sara-walter-chiari/40201",1
"http://www.ternioggi.it/verso-la-maxiriforma-dellarni-a-rischio-la-asl-forse-salva-cardiochirurgia",1
"http://www.tgcom24.mediaset.it/cronaca/puglia/artii/1028677/muore-bimbaforse-batterio-ad-asilo.shtml",1
"forse-mi",1
"forse-apparso-bosone-di-Higgs",1
"http://www.tomshw.it/news/lobo-di-dc-comics-forse-un-film-anche-per-lui-75299",1
"http://www.tuttononprofit.com/2017/02/forse-il-piui-i-guai-e-trovarli-con-grande-disinvoltura.html",1
"forse-molto",1
"http://www.verbaniafocuson.it/n1133877-alti-e-bassttadina-ieri-forse-un-alto-certamente-un-basso.htm",1
"http://www.verbaniafocuson.it/n1310710-forse-ci-meritiamo-sti-cialtroni.htm",1
"https://blog.sitd.it/2020/03/10/sugli-otto-decessi-carcere-overdose-metadone-forse-uno-eroina",1
"https://cinestar.pw/movie/595720/forse-e-solo-mal-di-mare.html",1
"https://circolovegetarianotreia.wordpress.com/2017o-a-treia-ma-forse-non-ve-ne-siete-ancora-accorti",1
"https://community.tim.it/t5/MODEM-ROUTER/Modem-libero-anche-in-Italia-forse-ci-siamo/m-p/9579",1
"https://geoportale.regione.emilia-romagna.it/in-prromagna-com2019era-e-come-forse-non-ricordiamo-piu",1
"https://itakon.it/varie/black-widow-e-mulan-forse-in-arrivo-su-disney-a-causa-del-contagio.html",1
"https://italiavola.com/2019/09/02/wizzair-il-pisa-kutaisi-forse-sara-solo-un-sogno",1
"https://primabergamo.it/cronaca/forse-ora-qualcunosa-sta-passando-bergamo-che-pero-e-incazzata-nera/",1
"https://ricerca.repubblica.it/repubblica/archivio/a/1989/11/08/forse-fu-il-racket-che-ordino-il.html",1
"https://riciclaggiodellamemoria.blogspot.com/2018/11/gesu-forse-non-e-mai-esistito-e-se-e.html",1
"http://www.davidemaggio.it/archives/15881/simona-ventura-sbarca-a-mediaset-forse-ma-in-spagna",1
"https://vitoiuvara.com/2017/07/31/tggamers-che-forse-ho-capito-il-green-screen",1
"https://www.agendadigitale.eu/sicurezza/cyber-spioagli-usa-perche-la-russia-forse-e-innocente/Agenda",1
"https://www.anagnia.com/2020/10/22/due-boati-con-savvertiti-a-roma-e-nel-lazio-forse-un-boom-sonico",1
"https://www.cani.it/social/domande/forse-al-mio-cane-non-piace-molto-il-suo-cibo-6630.html",1
"https://www.cityrumors.it/rubriche/avvocato-online/internet-e-gratis-o-forse-no.html",1
"https://www.computermania.org/tutorial/informaticau-curiosita-informatiche-che-forse-non-conoscevate",1
"https://www.corvelva.it/it/approfondimenti/notizie/mondo/guai-per-gsk-forse-ma-in-irlanda.html",1
"https://www.fastweb.it/smartphone-e-gadget/sony-walkman-sei-cose-che-forse-non-sapete/",1
"https://www.focus.it/cultura/storia/10-cose-che-forse-non-sai-sull-omicidio-kennedy-104341",1
"https://www.focus.it/scienza/salute/cose-che-forse-non-sai-sul-sistema-immunitario",1
"https://www.fotoinfo.net/news/1290/news--birmania-forse-due-i-fotoreporter-uccisi",1
"http://www.davidonzo.com/post/1018/0932blog-forse-a-qualcosa-siam-serviti",1
"forse-nell''intento",1
"forse-appuntamento",1
"credo-forse-penso",1
"https://www.libroco.it/english/dl/Manuela-Salvi/Arente-o-forse-un-vero-bacio",1
"https://www.remocontro.it/2016/04/28/il-cardinale-atto-beato-da-wojtyla-forse-non-era-proprio-santo",1
"https://www.valeriarandone.it/libri/ex-forse-ex-gli-amori-affamati/",1
"https://www.visitmolise.eu/it/News/stemma-di-capuacoperta-clamorosa-forse-unico-esemplare-in-europa.",1
"la-quiche-si-ma-tutta-sta-colata-di-panna-uova-e-formaggio-forse-anche-no",1
"ladro-forse-assassino",1
"http://www.difesaonline.it/evidenza/editoriale/la-guerra-contro-il-terrorismo-forse-è-già-persa",1
"forse-no",1
"libri-che-forse-leggerò",1
"ma-e-forse-alzheimer",1
"ma-forse-poi-mi-serviranno-di-nuovo",1
"magari-forse-ipotizziamo",1
"mentiinformatiche.com/2013/12/roberta-ragusa-sullasfalto-forse-cerano-macchie-di-san",1
"metal-anti-forse-mega-sinfonico",1
"mezza-forse-voce-non-confermata",1
"neo-forse-sposo",1
"no-si-no-forse-chissa",1
"non-ancora-nudisti-ma-forse-anche-a-quelli-che-sono-già-nudisti",1
"non-credo-che-sia-per-motivi-personali-o-forse-sì-come-non-detto",1
"non-esiste-la-pagina-e-che-posso-crearla-se-voglio-ma-che-forse-c''è-con-un-altro-nome",1
"non-sai-neanche-tu-come-ma-ancora-forse-te-la-dà-ma-anche-no",1
"non-si-è-mai-capito-bene-cosa-forse-più-che-amico",1
"o-forse-solo",1
"omicida-o-forse-no",1
"option=comille-euro-forse-lanno&catid=40:freelance&Itemid=67",1
"ormai-esagerazione-forse-però-no-e",1
"padre-orco-o-forse-no",1
"pare-sembra-forse-non",1
"pausa-aperta-parentesi-forse-chiusa-parentesi",1
"perchè-forse-c''è",1
"piccola-ma-forse-no",1
"possibile-forse-problema",1
"pseudo-forse-nonsaprei-potrebbe-tuttalpiù-inuncertosenso",1
"puoi-forse-downgradare",1
"quasi-forse-si",1
"quasi-ma-anache-no-forse-si",1
"quasi-ma-forse-non-proprio",1
"quasi-semi-forse-salvabile",1
"http://www.eurogamer.it/articles/2014-01-24-news-videogiochi-watch-dogs-in-forse-su-wii-u",1
"http://www.eugeniocomincini.it/2013/carosello-forse-sanno-che",1
"forse-autonomia",1
"rapimenti-o-forse-no",1
"sa=t&fd=R&usg=AFQjo-rubato-rotterdam-forse-stato-bruciato/news/60234",1
"sarebbe-forse-possibile",1
"se-forse-il",1
"se-forse-sennò-ma-perché",1
"se-ma-forse-però",1
"sei-forse-cinque",1
"http://www.feedbooks.com/item/1557312/forse-non-tuhe-a-napoli",1
"http://www.feedbooks.com/item/1539663/forse-non-tuhe-a-genova",1
"si-forse-no",1
"si-no-forse-fumaioli",1
"si-no-forse-inognicasofacciamocasinochesistatantobbbeneecipiace",1
"simil-forse-eccitazione",1
"sono-molto-deluso-ma-forse-sono-io-che-non-avevo-capito",1
"sono-un-cialtrone-che-le-spara-grosse-e-forse-molto-forse-ho-le",1
"stesso-forse-aveva",1
"stimato-collega-forse-iscritto-a-questa-lista",1
"super-nazisti-forse-alieni",1
"terzo-forse-quarto",1
"tra-dieci-anni-forse-potrò",1
"tre-forse-quattro",1
"http://www.feedbooks.com/item/1873621/forse-non-tuin-sardegna",1
"una-due-forse-tre",1
"uomo-con-passamontagna-tanta-paura-e-forse-la-pitrentotto",1
"vedere-toccare-e-forse-credere",1
"verde-bottiglia-in-cui-c''era-del-vino-rosso-o-forse-beige",1
"voglio-ma-non-posso-ma-forse-farò",1
"www.calcioefinanza.it/2015/11/25/piccinini-sciabolata-morbida-alle-pay-tv-forse-due-sono-troppe",1
"www.tio.ch/News/Benessere/807550/Attenti...glutine-o-forse-no",1
"http://www.feedbooks.com/item/1989269/forse-non-tuhe-a-padova",1
"forse-non-ancora-estinto",1
"forse-avvenimento",1
"custodi-forse-parenti",1
"Web-che-non-c''è-più-o-forse-c''è-ancora",1
"2591-Semb-topolino-ma-non-lo-è-forse-una-talpa&referrerid=0",1
"1390forse-1460",1
"-animale/testcosmetici-forse-grazie-al-tabacco-ma-da-oggi-e-in-vigore-ilbando/42889",1
