"Nagià-Grom",35
"già-visto",29
"già-dato",26
"già-detto",24
"già-stato",22
"già-nato",13
"già-sentito",13
"già-fatto",11
"già-da-sempre",10
"già-esistente",7
"già-scritto",6
"esser-già-non-uomo",6
"già-clienti",6
"già-morto",6
"già-già",5
"già-e-non-ancora",5
"già-accaduto",5
"già-sempre",4
"già-stata",4
"Chiesa-già-in-uscita",4
"già-mamme",4
"già-pronto",4
"già-noto",4
"esser-già-uomo",3
"Ho-già-visto-tutto",3
"essendo-già-in",3
"già-pensato",3
"un-esser-già-uomo",3
"già-date",3
"già-saputo",3
"già-parlato",3
"essere-già-dato",3
"già-letto",3
"già-lettori",2
"essere-già-presso",2
"essere-già-nel",2
"noi-già-sapeva-che-ma-lascia-rivisitare",2
"Pralongià-Cherz",2
"avanti-a-sé-essendo-già-in-un-mondo",2
"non-già-dato",2
"già-è",2
"già-nati",2
"già-non",2
"quello-che-si-è-già-rotto-un-ginocchio-con-il-TA-in-off",2
"già-possessori",2
"già-ascoltato",2
"già-bambino",2
"già-dati",2
"già-visto-già-dato",2
"già-giudicato",2
"già-ricchi",2
"non-già-visto",2
"già-creato",2
"esser-già-stato",2
"già-esser-stata",2
"tutto-già-pronto",2
"già-ministro",2
"già-ma-non-ancora",2
"già-morti",2
"già-colonialista",1
"di-chi-già-sapete",1
"destino-già-deciso",1
"domani-già-qui",1
"già-supposte-avere",1
"arrivare-a-destinazione-è-già-un-miracolo",1
"aree-e-immobili-già-militari",1
"esser-già-avvenuto",1
"esser-già-detto",1
"assoluto-già-visto",1
"esser-già-in",1
"già-detti",1
"autore-sta-già-lavorando-alla-sua-prossima-opera",1
"Pralongià-Passo",1
"Pralongià-Cherz-Planac",1
"esser-già-parlato",1
"esser-già-presso",1
"avanti-a-sè-esser-già-in",1
"esser-già-sempre-avanti-a-sé",1
"già-e",1
"avanti-a-sé-essendo-già-in",1
"Qualcosa-che-c''è-già-stato",1
"già-esistere",1
"già-esistito",1
"esser-sempre-già-soltanto-presso",1
"essere-già-da-sempre",1
"già-famiglia",1
"avanti-a-sé-esser-già-in",1
"Rifùgià-ti",1
"Italia-che-tanto-è-già-fallita",1
"Bruggià-porco",1
"già-finito",1
"essere-già-morti",1
"essere-già-esser-stato",1
"già-glorie",1
"già-il",1
"bello-ma-già-visto",1
"bambina-ah-già-non-riesce-ancora-a-tenere-in-mano-il-telefono",1
"essere-già-riuniti",1
"essere-già-stato",1
"caggià-nes",1
"feto-già-irrevocabilmente-legato-e-futura-compagna",1
"figlio-di-1-anno-ma-già-vikingo,mia",1
"cane-anziano-che-ne-ha-già-viste-tante",1
"Sempre-già-pronto",1
"Scusa-già-che-sei-lì",1
"fiore-già-fiore",1
"forme-già-viste",1
"che-non-avessi-già-fatto-prima",1
"futuro-prossimo-già-iniziato",1
"giovane-già-citato-Tha",1
"che-sai-già-come-suonerà-fra-un-attimo",1
"Signor-Potter-lei-ha-già-fatto-perdere-dieci-punti-alla-sua-Casa-non",1
"già-1",1
"già-Consiglieri",1
"che-scriveva-a-tutta-Ressud-dal-treno-già-domenica-sera",1
"già-Cécile",1
"già-Festa",1
"che-si-presentano-come-già-date",1
"Sono-già-qua",1
"Masarei-Pralongià-Arlara",1
"M-già-a",1
"Almagià-Guglielmi",1
"già-sono",1
"già-colonnelli",1
"già-compagno",1
"già-comprensivi",1
"già-consigliere",1
"già-consumato",1
"già-taciturno",1
"già-tinti",1
"già-danzato",1
"già-trovato",1
"già-una-volta-Papà",1
"già-valide-e-testate",1
"già-dato-una-volta-per-tutte",1
"già-destinato",1
"già-visto-già-fatto",1
"già-visto-in",1
"già-detto-che-ci-sembra-nuovo",1
"già-diagnosticate",1
"già-difficile",1
"già-disordinato",1
"già-docente",1
"già-dolore",1
"il-già-nato",1
"in-avanti-a-sé-essendo-già-in",1
"influenza-già-avuta",1
"inutile-già-visto",1
"jena-già-ridens",1
"già-essente-stato",1
"materie-già-date",1
"già-esserci",1
"multi-fatti-gli-affari-tuoi-che-io-mi-faccio-i-miei-che-ne-ho-già-abbastanza-così",1
"nemico-già-alleato",1
"no-quasi-già-ora",1
"già-francofona",1
"già-garantiti",1
"non-già-e-non-ancora-donna",1
"non-già-meno-brave",1
"non-si-fanno-sconti-a-nessuno-ed-è-già-tanto-che-tuare-a-fare-stronzate-con-le-minorenni-fino-a-ieri",1
"non-è-proprio-quella-adatta-ma-già-mi-pregusto-il-cucinarlo",1
"già-immaginato",1
"già-incontrati-ma-di-rado",1
"già-interpretata",1
"già-l''uomo",1
"probito-consigliare-MDB-xchè-ci-sono-già-i-siti",1
"regalo-che-tanto-sai-già-cos''è-ma-facciamo-finta-di-no",1
"già-lo",1
"già-lunghe",1
"già-là",1
"già-lì",1
"già-ma",1
"sono-già-arrivati",1
"già-madre",1
"già-mamma",1
"tri-vi-già-no",1
"già-manifesto",1
"tutto-già-visto-no-invece-tutto-nuovo",1
"già-molte-volte-citato",1
"già-molto-scoperto",1
"via-anzi-già-che-ci-siamo",1
"vita-già-morte",1
"già-narrato",1
"già-noi",1
"già-nominati",1
"già-Goito-Volta",1
"già-non-più",1
"già-non-ancora",1
"già-Istituto",1
"ciò-che-già-sai",1
"già-oltre",1
"già-New",1
"già-ora",1
"già-paladini",1
"già-Pnf",1
"ciò-che-già-sapevamo",1
"Tagià-Mazier",1
"già-parlati",1
"già-Risorto",1
"già-pensati",1
"già-Rtsi",1
"ciò-che-già-si-sa",1
"già-per-definizione-fastidiosi",1
"già-perdonati",1
"già-Tremonti",1
"già-più",1
"già-pigiama",1
"ciò-che-è-già-parlato",1
"Venezia-che-era-già-Italia",1
"Milano-da-bere-o-già-bevuta",1
"già-positive",1
"già-più-che-evanescente",1
"già-positivi",1
"già-ampiamente-emerso",1
"già-allievi",1
"già-possiedono",1
"già-preacquistati",1
"già-ampiamente-speciale",1
"già-presidente",1
"già-presente",1
"ciò-che-è-già-stato-e-non-l''abbiamo-acchiappato",1
"ciò-che-è-già-stato",1
"già-preti",1
"già-prodotti",1
"già-assicurati",1
"già-progetto",1
"già-assunti",1
"clienti-già-pronti",1
"già-proprietari",1
"già-provato",1
"già-autore",1
"già-quasi",1
"già-quasi-esploso",1
"già-avulsa",1
"coerente-tutto-già-prodotto-matematico",1
"a-sti-già-no",1
"Villa-Pralongià-Cherz",1
"Come-se-non-avessi-già-abbastanza-da-fare",1
"già-quieto",1
"già-raggiunto",1
"già-avulso",1
"già-riconosciuto",1
"già-avvenuta",1
"comprato-e-già-pagato",1
"già-riempimento",1
"già-rimetto",1
"già-avvenuto",1
"già-rivelato",1
"già-rinati",1
"concorso-truccato-trovate-tracce-già-svolte",1
"al-pi-già-no",1
"già-sospettosi",1
"già-spazzatura",1
"già-spremuto-come-un-limone",1
"già-stabilite",1
"già-stato-che-rivivrà",1
"già-stato-percepito",1
"già-stato-quà",1
"già-storica",1
"già-stravecchia-dentro-tipo-Daria-Bignardi",1
"già-rodate-allora",1
"già-salvati",1
"già-buona",1
"già-tolta",1
"già-tre-volte-citati",1
"già-troppo-visti",1
"già-trovatosi",1
"già-scritti",1
"già-c''è",1
"cor-ti-già-no",1
"già-uomo",1
"già-vissuto",1
"già-visti",1
"già-visto-da-qualche-parte",1
"già-visto-e-già-sentito",1
"già-scusa",1
"già-caduti",1
"già-seminaristi",1
"già-cavaliere",1
"cose-che-avete-già-capito",1
"ancor-già-debole",1
"Pralongià-Armentarola",1
"già-ò",1
"grazie-di-tutto-ma-hai-già-dato-a-Siviglia",1
"http://www.amazon.it/È-già-domani-Carlotta-Bartolone/dp/8865958065/ref=tmm_pap_title_0",1
"http://www.amazon.it/è-già-domani-ebook/dp/B008FHWOCW/ref=tmm_kin_title_0",1
"http://www.difesaonline.it/evidenza/editoriale/la-guerra-contro-il-terrorismo-forse-è-già-persa",1
"http://www.ilsitodifirenze.it/content/170-strage-dili-già-nel-1993-lo-stato-sapeva-che-era-il-41-bis",1
"http://www.mondodiscus.com/forum/showthread.php/89i-pennello-già-in-fase-di-maturazione",1
"http://www.mondorosashokking.com/Telenovità-Cinecu-dopo-una-sola-stagione-ha-già-visto-la-sua-fine-/",1
"https://community.tim.it/t5/ATTIVAZIONI-E-PORTABILevitare-Tim-Expert-x-i-già-clienti/m-p/33549#M3284",1
"https://www.softairmania.it/threads/234110-ingram-para-solo-5o-6-colpi-ed-è-già-scarico",1
"il-già-e-non-ancora",1
"il-già-esistente",1
"immagini-già-viste",1
"individui-già-in-relazione",1
"informe-ma-già-vivente",1
"già-sempre-là",1
"già-sempre-avvenuta",1
"io-del-sesso-so-già-tutto-quello-che-devo-sapere",1
"letti-già-rifatti",1
"lupi-già-cani",1
"madame-già-in-volo",1
"già-senatore-oggi-braccio-destro-di-Emiliano",1
"modella-che-non-ha-voglia-di-truccarsi-perchè-è-già-figa-di-suo",1
"mondo-già-dato",1
"monete-che-sono-già-oro",1
"già-sentita",1
"già-che-ci-siamo",1
"già-certa",1
"ne-abbiamo-già-tenuto-conto",1
"neonata-ma-già-rodata",1
"già-sentite",1
"già-citato-in-questo-blog",1
"non-ancora-nudisti-ma-forse-anche-a-quelli-che-sono-già-nudisti",1
"non-aspettò-già-mai-con-tal-disio",1
"non-candidato-già-eletto",1
"non-fermi-la-privatizzazione-la-incoraggi-anzi-no-sono-già-privatizzati-anzi-no-non-avrai-l''acqua-pubblica-anzi-no-è-già-pubblica-e-non-ci-sonivati-anzi-no-la-comunità-europea-anzi-no-comefoss''antani-anzi-no-brematuradellasupercazzola",1
"già-sentito-mille-volte",1
"già-sentito-troppe-volte",1
"già-classici",1
"de-già-vu",1
"de-già-sentì",1
"non-già-viste",1
"nuova-ma-già-ex",1
"oggi-già-non-me-lo-ricordo-più",1
"oggi-già-purtroppo-non-compleanno",1
"om-breg-già-re",1
"pacchetto-già-pronto",1
"panni-già-stesi",1
"par-ti-già-no",1
"partecipanti-a-concorsi-dove-è-inutile-partecipare-perché-si-sa-già-chi-sono-i-vincitori",1
"passa-test-già-svolti",1
"già-si-sa",1
"quelli-che-avevano-già-distrutto-la-Olivetti",1
"già-si-è",1
"già-cliente",1
"risposte-già-pronte",1
"sai-già-chi",1
"sapere-già-di-sapere",1
"segni-che-sono-già-cose",1
"sempre-essere-già-redenti",1
"sempre-già-definite",1
"sempre-già-soggetto",1
"sempre-già-vecchie",1
"sempre-soliti-già-detti-pensieri",1
"so-già-che-prima-o-poi-dovrò-vederle-tutte",1
"già-sinistro",1
"già-sindacalista",1
"death-già-sentito-core",1
"stra-già-vista",1
"su-già-consigliata",1
"tac-cheg-già-re",1
"tanto-sa-già-di-essere-bravo",1
"tre-vi-già-no",1
"tutto-già-da-dire-da-sempre-detto",1
"tutto-già-visto",1
"già-socialista",1
"uh-è-già-finito",1
"già-sofferto",1
"già-coautori",1
"un-fenomeno-già-in-declino",1
"uomo-già-padre",1
"val-li-già-no",1
"viag-già-re",1
"già-soggetto",1
"è-già-divieto",1
"è-già-tutto-scelto",1
"già-sognato",1
"già-collega",1
"dellagià-Gladio",1
"ar-ti-già-no",1
"anti-schifezze-già-cucinate-e-surgelate",1
"Eggià-già",1
"Almagià-Roma",1
"Ah-già-davvero",1
