"non-profit",7598
"non-violenza",4066
"non-stop",3742
"non-morti",3604
"non-essere",3495
"non-luogo",3095
"non-Hodgkin",2321
"non-senso",2187
"non-sense",1949
"non-luoghi",1739
"non-morto",1472
"non-fiction",1358
"non-vita",1306
"non-fumatori",1256
"non-a-piccole",1182
"non-esistenza",1142
"non-violenta",1117
"non-lineare",1042
"non-verbale",955
"non-umani",942
"non-io",921
"non-detto",848
"non-inferiorità",844
"non-ebrei",839
"non-musulmani",804
"non-voto",737
"non-contraddizione",720
"non-governative",704
"non-violento",697
"non-proliferazione",685
"non-lavoro",660
"non-umano",644
"non-credenti",632
"non-steroidei",624
"non-lineari",622
"e-poi-io-comunque-non-ci",610
"non-dualità",584
"non-discriminazione",577
"non-ritorno",568
"non-vedenti",555
"non-standard",549
"non-scuola",539
"non-linearità",524
"non-conoscenza",517
"non-UE",512
"non-fatale",496
"non-duale",491
"non-notizia",490
"non-tempo",490
"non-morte",487
"non-finito",487
"non-REM",472
"non-azione",452
"non-autosufficienza",447
"non-free",446
"non-trattati",436
"non-fare",435
"non-invasiva",428
"non-pensiero",420
"non-A",412
"non-convenzionale",409
"non-intervento",406
"non-verità",401
"non-violenti",394
"non-sapere",391
"non-refoulement",383
"non-food",382
"Lennon-McCartney",375
"non-responder",371
"non-risposta",371
"non-Io",368
"non-verbali",366
"non-sé",363
"non-performing",361
"non-cristiani",359
"non-eme",356
"non-GAAP",353
"vedo-non-vedo",344
"non-cittadini",342
"non-scelta",340
"non-formale",339
"non-problema",315
"non-persone",314
"non-amore",310
"non-arteritica",310
"non-credente",310
"non-autosufficienti",309
"non-libertà",308
"non-morta",308
"non-esistente",307
"tessuto-non-tessuto",306
"non-località",305
"non-partito",299
"non-governativa",297
"non-colore",297
"non-self",292
"non-convenzionali",290
"non-locale",288
"non-batterica",287
"non-conformità",287
"non-frequentanti",279
"non-umana",272
"non-ufficiale",271
"non-ancora",270
"non-allineati",269
"non-violente",268
"non-storia",262
"non-mente",262
"non-vegetariani",261
"non-cultura",260
"non-persona",253
"non-ebreo",252
"non-core",252
"non-vedente",249
"non-invasivo",246
"non-cattolici",241
"non-uomo",241
"non-uso",240
"non-euclidee",236
"non-aggressione",228
"non-politica",228
"non-HDL",227
"non-attaccamento",226
"non-bianchi",225
"non-occidentali",224
"non-inferiore",218
"non-melanoma",218
"non-Rom",217
"non-alcolica",216
"non-conferenza",215
"non-professionisti",215
"non-statali",215
"non-agire",213
"non-collaborazione",211
"non-cooperazione",208
"non-interferenza",207
"non-equilibrio",206
"non-scelte",204
"non-residenti",201
"non-italiani",200
"non-identità",199
"non-realtà",194
"non-musulmano",194
"non-umane",193
"non-governo",189
"non-invasive",189
"non-so-che",189
"non-compleanno",187
"non-gioco",186
"non-euclidea",184
"non-nato",184
"non-commerciale",181
"non-comunicazione",180
"non-trattato",178
"non-Opec",177
"non-lettori",175
"non-plus-ultra",175
"non-responders",173
"non-evento",172
"non-resecabile",171
"non-OGM",171
"non-attori",170
"non-europei",169
"non-allineamento",168
"non-statuto",166
"non-valvolare",166
"non-soluzione",166
"non-uomini",165
"non-cristiane",165
"non-arte",165
"non-appartenenza",164
"non-coincidenza",161
"non-fumatore",160
"non-famiglie",159
"non-spazio",159
"non-accettazione",158
"non-reale",158
"non-tessuto",155
"non-utilizzatori",155
"non-locali",154
"non-Essere",154
"non-metalli",154
"non-farm",151
"non-dualismo",150
"non-forma",149
"non-parole",148
"non-risposte",148
"non-presenza",148
"non-motori",147
"non-diritto",146
"non-ufficiali",145
"non-soci",145
"non-udenti",144
"non-scienza",143
"non-OPEC",143
"non-ingerenza",142
"non-detti",141
"non-squamoso",141
"non-notizie",140
"non-governativo",139
"non-esperti",138
"non-belligeranza",137
"non-riconoscimento",136
"non-resistenza",136
"non-oil",135
"non-ente",134
"non-volontà",133
"non-partecipazione",133
"non-membri",132
"non-chalance",132
"Thonon-les-Bains",131
"non-metastatico",131
"non-B",130
"non-guerra",129
"non-disgiunzione",126
"non-diabetici",126
"non-medici",126
"non-clinici",126
"non-Europa",125
"non-valore",124
"non-giudizio",124
"non-città",123
"non-rapporto",123
"non-cristiano",122
"non-cattolico",122
"non-nucleari",121
"non-fede",121
"non-libero",120
"non-Gaap",119
"non-informazione",119
"non-formali",119
"non-valori",118
"non-Stato",118
"non-stato",117
"non-ti-scordar-di-me",116
"non-vivente",116
"non-frazionata",115
"non-invasivi",115
"non-occidentale",115
"non-compliance",115
"non-target",114
"non-randomizzato",114
"non-decisione",113
"non-specialisti",113
"non-combattenti",112
"non-aderenza",110
"non-touch",110
"non-lettore",109
"non-colori",109
"non-democrazia",107
"non-EU",107
"non-governativi",107
"non-commerciali",106
"non-ricetta",104
"non-politico",103
"non-rom",103
"non-ragione",102
"non-manifesto",101
"non-eletti",101
"non-trattata",101
"non-manifestato",101
"non-letali",101
"non-vittoria",101
"non-è",100
"non-popolo",100
"non-fisico",100
"non-giocatori",100
"non-Sé",100
"non-fatali",99
"non-fan",99
"non-zero",98
"non-conformisti",97
"non-coscienza",97
"non-Musulmani",97
"non-slip",97
"non-cardiaca",97
"non-cosa",97
"non-Ebrei",97
"non-poesia",96
"non-materia",96
"non-steroideo",96
"non-genere",96
"non-rispetto",95
"non-praticanti",95
"non-arabi",94
"non-vedere",94
"non-medico",94
"non-musicista",94
"non-essenziali",94
"non-necessità",94
"non-nati",93
"non-conformismo",92
"non-Saccharomyces",92
"non-operabile",91
"non-materiale",90
"non-farmacologici",90
"non-chirurgico",90
"non-credenza",90
"non-metallo",90
"non-movimento",90
"non-selettivi",90
"non-competitiva",90
"non-p",89
"non-respingimento",89
"non-metodo",88
"non-neutralità",87
"non-farmacologico",87
"non-strutturali",87
"non-comprensione",87
"non-contatto",87
"non-brand",86
"non-protagonista",86
"non-musicisti",86
"non-militari",86
"non-qualità",85
"non-me",85
"non-film",85
"non-mondo",85
"non-tradizionali",85
"non-nativi",84
"non-iniziati",84
"non-religioso",84
"non-crescita",84
"non-sistema",84
"non-membro",84
"non-cancro",84
"non-entità",83
"non-dipendenza",83
"non-nascita",82
"non-europee",82
"non-farmacologiche",82
"non-visibile",82
"non-potere",82
"non-favorevole",81
"non-vero",81
"non-oggettiva",81
"non-nucleosidici",81
"non-ariani",81
"non-a",80
"non-tecnici",80
"non-integrazione",80
"non-corso",80
"non-con",80
"non-comunisti",80
"non-controllata",80
"non-relazione",80
"luogo-non-luogo",79
"non-spreco",79
"non-so",79
"non-iscritti",79
"non-formal",78
"non-ego",78
"non-sensi",78
"non-viventi",78
"non-esserci",78
"non-conformista",77
"non-religiosi",77
"non-tecnico",77
"non-serbi",77
"non-statale",77
"non-significativo",77
"non-cittadino",76
"non-utilizzo",76
"non-Ue",76
"non-musica",76
"non-romanzo",76
"non-visto",76
"Pignon-Ernest",76
"non-nucleare",76
"non-esposti",75
"non-mainstream",75
"non-specifica",75
"non-americani",75
"non-comune",75
"non-lettura",74
"non-italiano",74
"non-chirurgica",74
"non-ispanici",74
"non-Apple",74
"non-fisici",73
"non-dualistica",73
"non-coding",73
"non-esistenti",73
"non-europeo",72
"non-Microsoft",72
"non-cash",72
"non-obesi",72
"non-interventismo",72
"non-reazione",72
"non-mercato",72
"non-libro",71
"non-bianco",71
"non-distruttive",71
"non-umanità",71
"non-professionista",71
"non-novità",71
"non-Schengen",70
"non-sviluppo",70
"vorrei-ma-non-posso",70
"non-significativa",70
"non-scientifica",69
"non-regole",69
"non-C2",69
"non-esperto",69
"non-financial",69
"non-vertebrali",69
"non-linear",68
"non-identico",68
"non-vivere",68
"non-OCSE",68
"non-opposizione",68
"non-islamici",68
"non-ionizzanti",68
"non-contraddittorietà",68
"non-ordinaria",67
"non-attore",67
"non-cancerose",67
"non-ischemica",67
"non-Covid",67
"non-intenzionale",67
"non-addetti",66
"non-specifici",66
"non-euro",66
"non-differenza",66
"non-filosofia",66
"non-maggiore",66
"non-dualista",66
"non-investment",66
"non-democratico",66
"non-razionale",66
"non-possesso",65
"non-scientifico",65
"non-cristiana",65
"non-cardias",65
"non-parola",65
"non-ASCII",65
"non-eroe",64
"non-specifico",64
"non-musulmane",64
"non-binario",64
"non-religiosa",64
"non-maghi",64
"non-chirurgici",64
"non-idonei",64
"non-letale",64
"non-logica",64
"non-rilevabile",64
"non-eletto",64
"non-nascondimento",64
"non-identificazione",64
"non-familiare",63
"non-negoziabili",63
"non-religione",63
"non-comunista",63
"non-praticante",63
"non-GM",63
"non-tessuti",62
"non-binary",62
"non-americano",62
"non-albanesi",62
"non-responsabilità",62
"non-tradizionale",62
"non-scientifiche",61
"non-Ogm",61
"non-militare",61
"non-fatto",61
"non-tossico",60
"non-fisica",60
"non-legge",60
"non-dire",60
"non-azioni",60
"non-comuni",60
"non-tutto",60
"non-commercial",60
"non-scientologist",59
"non-liberi",59
"non-conforme",59
"non-consapevolezza",59
"non-accoglienza",59
"non-ETS",59
"non-essenziale",59
"non-votanti",58
"non-disclosure",58
"Isola-che-non-c''è",58
"non-residente",58
"non-Rem",58
"non-sottoposti",58
"non-malattia",58
"non-ebrea",58
"non-comunitari",58
"non-recensione",58
"non-stile",58
"non-aggiustato",58
"non-dialogo",58
"non-blocking",57
"non-docente",57
"non-compliant",57
"non-trattate",57
"non-esperienza",57
"non-funzionamento",57
"non-tedeschi",56
"non-necessary",56
"non-vivi",56
"non-giudicante",56
"non-ostruttiva",56
"non-finanziarie",56
"non-autosufficiente",56
"non-selezionati",56
"non-clienti",56
"non-politici",56
"non-conosciuto",55
"non-volatile",55
"non-governmental",55
"non-alimentari",55
"non-separazione",55
"non-eterosessuali",55
"non-utenti",55
"non-rinnovabili",55
"non-naturale",55
"non-executive",54
"non-romani",54
"non-etica",54
"non-figurativa",54
"non-funzionale",54
"non-identificato",54
"non-US",53
"non-democratici",53
"non-giudei",53
"non-personaggio",53
"non-corrispondenza",53
"non-definizione",53
"non-indifferenza",53
"non-finale",53
"non-identificati",53
"non-partisan",53
"non-interventista",53
"non-biologici",52
"non-bianca",52
"non-proprietari",52
"non-dieta",52
"non-scienziati",52
"non-diritti",52
"non-ebraica",52
"non-conferenze",52
"non-riforma",52
"non-auto",52
"non-islamiche",52
"non-nucleosidico",52
"non-consumatori",51
"non-Windows",51
"non-cibo",51
"non-bio",51
"non-funzionali",51
"non-tumorale",51
"non-smoking",51
"non-portatori",51
"non-x",50
"non-Dio",50
"non-book",50
"non-batteriche",50
"non-produzione",50
"non-alimentare",50
"non-udente",50
"non-gestione",50
"non-so-cosa",50
"non-infettiva",49
"non-Q",49
"non-dipendenti",49
"non-root",49
"non-garantiti",49
"non-trasparenza",49
"non-cambiamento",49
"non-cognitive",49
"non-raggiunta",49
"non-speranza",48
"non-confessionale",48
"non-leader",48
"non-Nato",48
"non-paper",48
"non-pensato",48
"non-ionici",48
"non-più",47
"non-termici",47
"non-classica",47
"non-applicazione",47
"non-ormonale",47
"non-vaccinati",47
"non-ordinari",47
"non-permanente",47
"non-voglia",47
"non-professionale",47
"non-storico",47
"non-madrelingua",47
"non-business",47
"non-decisioni",47
"non-politiche",47
"non-consumo",47
"non-arabo",46
"non-competitivo",46
"non-gravi",46
"non-sostenibile",46
"non-marking",46
"non-permanenti",46
"non-storie",46
"non-attività",46
"non-controllato",46
"non-Disney",46
"non-ascolto",46
"non-distruttivo",46
"non-materiali",45
"non-conformi",45
"non-distruttiva",45
"non-USA",45
"non-sequitur",45
"non-muscolo-invasivo",45
"non-sicurezza",45
"non-finita",45
"non-oncologico",45
"non-oggettività",45
"non-autonomia",45
"non-nata",45
"non-soluzioni",45
"non-adesione",45
"non-invasività",45
"non-divulgazione",45
"non-idoneità",45
"non-musulmana",44
"isola-che-non-c''è",44
"non-bianche",44
"non-creato",44
"non-produttori",44
"non-lavoratori",44
"stretchabilitynon-stretchable",44
"non-allineato",44
"non-incontro",44
"non-pensare",44
"non-steroidal",44
"non-donatori",44
"non-lingua",44
"non-ferrosi",44
"non-residenziale",44
"non-Alzheimer",44
"non-eroi",44
"non-randomizzati",44
"non-mieloablativo",43
"non-insulino",43
"non-ematologici",43
"non-pubblico",43
"non-elementali",43
"non-eleggibili",43
"non-fisiche",43
"non-amici",43
"non-concettuale",43
"non-euclideo",43
"non-strutturati",43
"non-oggetto",43
"non-naturali",43
"non-small",43
"non-pensanti",43
"non-diagnostiche",43
"non-agente",43
"non-colpevolezza",43
"non-madre",43
"non-racconto",43
"non-statuali",43
"non-esistere",43
"non-terapeutico",42
"non-proprietario",42
"non-cosciente",42
"non-nazione",42
"non-suono",42
"non-capitale",42
"non-conventional",42
"non-violazione",42
"non-percezione",42
"non-biologica",41
"non-bevitori",41
"non-bersaglio",41
"non-gruppo",41
"non-tariffarie",41
"non-correlati",41
"non-correlata",41
"non-NATO",41
"non-problemi",41
"non-società",41
"non-islamico",41
"non-africani",41
"non-nativo",41
"non-dominante",41
"non-pace",41
"non-scritto",41
"non-razionali",41
"non-acquisto",41
"non-AS",41
"non-accordo",41
"non-ortodossi",40
"non-cura",40
"non-sfiducia",40
"non-biologico",40
"non-anglofoni",40
"non-volere",40
"non-direttivo",40
"non-manifestazione",40
"non-europea",40
"non-dipendente",40
"non-tecnica",40
"non-specialista",40
"non-sociali",40
"non-cardiovascolare",40
"non-trama",40
"non-responsivi",40
"non-intervista",40
"non-polio",40
"non-argomento",40
"non-cinesi",39
"non-infettive",39
"non-credere",39
"non-proprietà",39
"non-concorso",39
"non-separabilità",39
"non-aviani",39
"non-manifatturiero",39
"non-avere",39
"non-modello",39
"Colui-che-non-deve-essere-nominato",39
"non-immigranti",39
"non-fatti",39
"non-artisti",39
"non-clinica",39
"Vernon-Evans",39
"non-accademici",39
"non-hodgkin",38
"non-zingari",38
"non-neoplastico",38
"non-ché",38
"non-eventi",38
"non-negoziabile",38
"non-STEMI",38
"non-league",38
"non-oppioidi",38
"non-giornalista",38
"non-selezionata",38
"non-selettivo",38
"non-virtù",38
"non-native",38
"non-ECC",38
"non-indigeni",38
"non-futuro",38
"non-Azure",38
"non-logiche",38
"non-esclusiva",38
"non-soggetto",38
"non-specifiche",37
"non-title",37
"non-finiti",37
"non-P",37
"non-narrativa",37
"non-composto",37
"non-italiana",37
"non-complicata",37
"non-pensante",37
"non-potenza",37
"non-tumorali",37
"non-pagamento",37
"non-immigrant",37
"non-desiderio",37
"non-newtoniani",36
"non-famiglia",36
"non-organizzazione",36
"non-classiche",36
"non-relativistica",36
"non-programma",36
"non-etico",36
"non-cattoliche",36
"non-sensibile",36
"non-curanza",36
"non-q",36
"non-indiani",36
"non-vissuto",36
"non-Hodgkins",36
"non-stimabile",36
"non-nullable",36
"non-obbligo",36
"non-comedogenico",36
"non-affetti",36
"non-funzionanti",36
"non-esclusivo",36
"non-nome",36
"non-equity",36
"non-libri",35
"non-branded",35
"non-conoscere",35
"non-scientifici",35
"non-musicali",35
"non-fluente",35
"non-economici",35
"non-motorie",35
"non-ebraiche",35
"non-correlate",35
"non-corpo",35
"non-fine",35
"non-recourse",35
"non-traumatica",35
"non-migranti",35
"non-scritte",35
"non-controllati",35
"non-metallici",35
"non-partiti",35
"non-reali",35
"non-admin",35
"non-AIDS",35
"non-linguaggio",35
"non-mediata",34
"non-nerd",34
"non-neuronali",34
"non-serba",34
"non-infiammatorie",34
"non-economico",34
"non-marxista",34
"non-rivista",34
"non-cattolica",34
"non-tutta",34
"non-cardiovascolari",34
"non-figurativo",34
"non-realizzazione",34
"non-controllo",34
"non-paura",34
"non-immagine",34
"non-refundable",34
"non-buddhisti",34
"mente-non-so",33
"non-sessuale",33
"non-anziani",33
"non-sequenziale",33
"non-covalenti",33
"non-direttività",33
"non-professionali",33
"non-finanziaria",33
"non-oggettivo",33
"non-studenti",33
"non-diidropiridinici",33
"non-giapponesi",33
"non-filosofi",33
"non-italiane",33
"non-pro",33
"non-generic",33
"non-obiettori",33
"non-Ets",33
"non-gay",33
"non-nullo",33
"non-normali",33
"non-considerazione",33
"non-normalità",33
"non-vuoto",32
"non-plus",32
"non-musicale",32
"non-visione",32
"non-prodotto",32
"non-due",32
"non-dicibile",32
"non-eterosessuale",32
"non-necessario",32
"non-cooperativi",32
"non-competitive",32
"non-aggiustata",32
"non-impegno",32
"non-seminoma",32
"non-canonica",32
"non-luce",32
"non-rappresentazione",32
"non-docenti",32
"non-democratiche",32
"non-illuminazione",32
"non-adatti",32
"non-conscio",32
"non-armata",32
"non-territoriale",31
"non-inglesi",31
"non-blogger",31
"non-chiusura",31
"non-antagonisti",31
"non-negativo",31
"non-banale",31
"non-marxisti",31
"non-concetto",31
"non-NPOV",31
"non-allineata",31
"non-niente",31
"non-ogm",31
"non-prescrizione",31
"non-mamma",31
"non-dominio",31
"non-imparentato",31
"non-noto",31
"non-cognitivista",31
"non-coinvolgimento",31
"non-intenzionali",31
"non-codificanti",31
"non-vivo",31
"non-trattamento",31
"non-toxic",31
"non-linguistico",31
"non-disponibilità",30
"non-limite",30
"non-pianificata",30
"non-originale",30
"non-credo",30
"non-risultati",30
"non-chirurgiche",30
"non-covid",30
"non-economisti",30
"non-legame",30
"non-economiche",30
"non-aviari",30
"non-russi",30
"non-occupazione",30
"non-compleanni",30
"non-ricerca",30
"non-null",30
"non-nulla",30
"non-festival",30
"non-possibilità",30
"non-polare",30
"non-democratica",30
"non-fumatrici",30
"non-farmacologica",30
"non-ormonali",29
"non-guida",29
"non-ortodosso",29
"non-mutato",29
"non-spiegazione",29
"non-sociale",29
"non-tecniche",29
"non-confermata",29
"non-Soci",29
"non-originalità",29
"non-sono",29
"non-inferiori",29
"non-euclidei",29
"non-concorrenza",29
"non-celiaca",29
"non-bancari",29
"non-Nintendo",29
"non-differenziazione",29
"non-giornalisti",29
"non-finanziari",29
"non-monogamia",29
"non-dualistico",29
"non-giovane",29
"non-casuale",29
"non-rimborsabile",29
"non-presente",29
"non-esseri",29
"non-Han",29
"non-cardiaco",29
"non-Giudei",29
"non-obese",29
"non-attivo",29
"non-capitalista",29
"non-stretchabledetail",29
"non-se",29
"non-esclusività",29
"non-classico",29
"non-fumo",29
"non-ideologia",29
"non-violence",29
"non-buono",29
"non-emergenza",28
"non-protagonisti",28
"non-cirrotici",28
"non-discriminante",28
"non-confronto",28
"non-mussulmani",28
"non-cibi",28
"non-binarie",28
"non-animale",28
"non-sens",28
"non-personaggi",28
"non-condivisione",28
"non-educazione",28
"non-tossici",28
"non-struttura",28
"non-Ocse",28
"non-opera",28
"non-finanziario",28
"non-correlato",28
"non-comunicare",28
"non-state",28
"non-modular",28
"non-odio",28
"non-imparentati",28
"non-Cristiani",28
"non-nazionali",28
"non-affermative",28
"non-canon",28
"non-esposte",28
"non-contemporaneità",28
"non-idoneo",28
"non-artista",28
"non-normale",28
