"non-ancora-nato",10
"non-ancora-esistente",8
"non-ancora-nati",8
"non-ancora-conosciuto",6
"non-ancora-divenuto",4
"non-ancora-DTP",4
"non-ancora-dato",4
"non-ancora-candidato",4
"non-ancora-uomo",4
"non-ancora-realizzato",4
"non-ancora-essere",3
"non-ancora-pensato",3
"non-ancora-visto",3
"non-ancora-reale",3
"uomo-non-ancora-superuomo",3
"app-nissanconnect-ev-non-ancora-compatibile-con-android-10-t7393.html",2
"non-ancora-presente",2
"non-ancora-detto",2
"non-ancora-morta",2
"non-ancora-umani",2
"http://www.edulingualab.org/cultura/non-ancora-pronti-per-la-storia-ditalia/",2
"non-ancora-identificati",2
"non-ancora-mamma",2
"non-ancora-qui",2
"non-ancora-persona",2
"non-ancora-morte",2
"non-ancora-raggiunto",2
"non-ancora-senso",2
"http://www.ccpo.it/comunita/montenovonostro/37297--muove-la-cassazione-ma-non-ancora-il-parlamento",2
"non-ancora-vecchi",2
"non-ancora-udito",2
"non-ancora-assimilati",2
"non-ancora-ex",2
"non-ancora-Presidente",1
"non-ancora-Professore",1
"galassia-di-conoscenza-non-ancora-costretta-in-forma",1
"non-ancora-Stato",1
"non-ancora-WM4",1
"http://forum.valbrembanaweb.com/sci-alpinismo-sull111/non-ancora-finita-cabianca-valrossa-t9687.html",1
"allora-non-ancora-Fidanzato",1
"non-ancora-definiti-causa-mancanza-della-parola-followers",1
"non-ancora-Wu",1
"non-ancora-WM5",1
"non-ancora-diabetici",1
"non-ancora-accaduto",1
"non-ancora-abbastanza-allegra-brigata",1
"http://it.ibtimes.com/stampa-3d-nelledilizia-e-il-turo-ma-non-ancora-il-presente-ecco-perche-1352812",1
"Esimio-non-ancora-conosciuto",1
"non-ancora-donna",1
"non-ancora-adulto",1
"non-ancora-adulti",1
"non-ancora-applicata",1
"non-ancora-articolato",1
"http://www.ilmioprimoministro.it/q-e-g-italia-update-ottobre-2015-non-ancora-raggiunta-loverunity",1
"aspiranti-non-ancora-affermati",1
"non-ancora-estate",1
"non-ancora-assimilato",1
"https://alimentianimalionline.it/blog/post/fare-uscire-di-casa-un-cane-cucciolo-non-ancora-vaccinato",1
"non-ancora-contattate",1
"non-ancora-cresciuti",1
"non-ancora-cresciuto",1
"non-ancora-danzante-ma-quasi",1
"non-ancora-personaggi",1
"non-ancora-decisa-pubblicazione",1
"non-ancora-deciso",1
"non-ancora-definiti",1
"non-ancora-pubere",1
"non-ancora-del-tutto-individui",1
"non-ancora-detenuti",1
"non-ancora-selezionata",1
"non-ancora-significante-per-il-soggetto",1
"non-ancora-divenuti",1
"non-ancora-spesa",1
"non-ancora-divenuto-accessibile",1
"non-ancora-donne",1
"non-ancora-effettuata",1
"non-ancora-veramente-viva",1
"non-ancora-esistito",1
"non-ancora-esperito",1
"non-ancora-essente-alla-fine",1
"non-più-bidimensionale-e-non-ancora-tridimensionale",1
"non-proprio-pulito-ma-non-ancora-troppo-distorto",1
"non-ancora-europei",1
"pensieri-non-ancora-pensati",1
"non-ancora-fatta-ma-attualmente-in-corso-d''opera",1
"non-ancora-fatto",1
"non-ancora-fatti",1
"non-ancora-attore",1
"non-ancora-fecondato",1
"non-ancora-giornalista",1
"non-ancora-attuale",1
"https://vivicentro.it/regioni/sud/terza-pagina-sud/epopea-gialloverde-non-ancora-ancora/",1
"assessore-non-ancora-sindaco",1
"Giorgio-non-ancora-stimmatizzato",1
"Eleanora-non-ancora-Billie",1
"non-ancora-già",1
"non-ancora-greco-levantino",1
"non-ancora-bambino",1
"non-ancora-immaginato",1
"non-ancora-baronetti",1
"https://www.studiocataldi.it/articoli/35353-il-pad-la-figlia-avvocato-non-ancora-autosufficiente.asp",1
"non-ancora-imputabilein",1
"non-ancora-inizio-a-essere-un-inizio",1
"non-ancora-bella",1
"non-ancora-inizio-a-non-non-ancora-inizio-a-essere-un-inizio",1
"non-ancora-inventato",1
"non-ancora-ben-identificato",1
"https://www.vulvodiniapuntoinfo.com/t2054-la-mia-storia-non-ancora-finita-spero",1
"canzone-di-un-giugno-caldo-eppure-non-ancora-estivo",1
"non-ancora-italiani",1
"non-ancora-letti",1
"non-ancora-built",1
"non-ancora-liberato",1
"non-ancora-lettore",1
"il-non-ancora-onorevole-ma-premier",1
"non-ancora-libro",1
"non-ancora-luoghi",1
"non-ancora-città",1
"non-ancora-madre",1
"non-ancora-maggiorenne",1
"non-ancora-clienti",1
"incarico-non-ancora-concluso",1
"caramello-non-ancora-ben-caramellizzato",1
"Stati-non-ancora-nazione",1
"non-ancora-nudisti-ma-forse-anche-a-quelli-che-sono-già-nudisti",1
"non-ancora-pensati",1
"non-ancora-pensieri",1
"non-ancora-pensionato",1
"non-ancora-perduta",1
"non-ancora-pericolo",1
"non-ancora-persone",1
"non-ancora-possibile",1
"non-ancora-post-comunista",1
"non-ancora-premier",1
"non-ancora-pronti",1
"non-ancora-provato",1
"non-ancora-mangiato",1
"non-ancora-completamente-morto",1
"non-ancora-raggiunta",1
"non-ancora-manifesta",1
"non-ancora-manifesto",1
"non-ancora-concepito",1
"morto-non-ancora-morto",1
"non-ancora-maturo",1
"non-ancora-metanisti",1
"non-ancora-confermato",1
"non-ancora-simbolizzata",1
"non-ancora-sindaco",1
"non-ancora-sperimentato",1
"non-ancora-sub",1
"non-ancora-svelato",1
"non-ancora-trentenni",1
"non-ancora-moglie",1
"non-ancora-modellisti",1
"non-ancora-Cristiano",1
"esseri-non-ancora-umani",1
"non-ancora-vecchiaia-non-più-giovinezza",1
"non-ancora-vecchio",1
"non-ancora-morti",1
"non-ancora-visibile",1
"non-ancora-morto",1
"non-ancora-conscio",1
"non-ancora-consapevoli",1
"non-ancora-vita",1
"non-ancora-vivente",1
"non-ancora-vivo",1
"non-ancora-zio",1
"non-già-e-non-ancora-donna",1
"non-più-terra-non-ancora-mare",1
"ombra-non-ancora-ombra",1
"paese-non-ancora-città",1
"partito-non-ancora-partito",1
"non-ancora-museificato",1
"non-ancora-considerato",1
"pittore-non-ancora-celebre",1
"principio-non-ancora-norma",1
"quarto-ma-non-ancora-terzo",1
"quasi-Primavalle-non-ancora-Balduina",1
"sapere-non-ancora-cosciente",1
"storie-non-ancora-raccontate",1
"sudditi-non-ancora-cittadini",1
"tav-napoli-bari-la-linea-voluta-da-tutti-e-non-ancora-partita",1
"v=1httpamore-per-un-bambino-non-ancora-nato-41915315.html",1
"www.questionegiustizia.it/articolo/commissione-min-maquillage_non-ancora-un-progetto_07-04-2016.php",1
"non-ancora-notizia",1
"non-ancora-consumatori",1
"non-ancora-Iniziati-ai-Misteri-della",1
"forse-non-ancora-estinto",1
"Stato-non-ancora-stato",1
"Emma-non-ancora-del-tutto-Dark",1
"Can-non-ancora-Can",1
