NGRAM	semantica nome	valore adv	ngram pattern	source	contesto
non più Ammiraglio
			DET ADV NOUN	WIKICONLL	- , Joaquín Lavín - chiarì che non avrebbe mai adiuvato i candidati del partito di Piñera , supportando invece	il non più Ammiraglio	Jorge Arancibia .

non più Mille
			DET ADV NOUN	ITWAC	ferventi Saggi , ugualmente provvidi al Cielo - nel condurre in salvo la travagliata storia dell' Umanità - dal Mille	al non più Mille	.

non più attraversamento
			DET ADV NOUN	ITWAC	Perchè si devìa il corso del fiume per attrarre turisti e ciò implica	il non più attraversamento	del ponte da parte di nessuno ...

non più bambini
			DET ADV NOUN	REPUBBLICA	, perché quasi in ogni generazione scattano certi meccanismi del ricordo , oltre una certa età ; e fanno comprendere	ai non più bambini	come mai , non solo in parecchi importanti secoli del passato , il gusto di leggere e scrivere soprattutto di cose

non più bambino
			DET ADV NOUN	REPUBBLICA	Un tempo nel quale	il non più bambino	, la non più bambina , sentono che tutti si aspettano qualcosa da loro , qualcosa di meglio e di più

non più città
			DET ADV NOUN	REPUBBLICA	inediti , semina stimoli , apprezza il buono e il nuovo che c' è nei periodici sussulti civili e creativi	della non più città	ma galassia megalopolitana , accetta le dure critiche -- quando colgono nel segno -- formulate da osservatori di ieri e di

non più comico
			DET ADV NOUN	REPUBBLICA	emerita introduzione al testo di letteratura gioiosamente strappata e cestinata in coro , con l' arrivo del professor Keating (	il non più comico	e intenso Robin Williams ) .

non più concedibilità
			DET ADV NOUN	ITWAC	Il complesso delle modifiche sono condivisibili perché ispirate al criterio della definitività e , quindi ,	della non più concedibilità	di ulteriori proroghe , pur se legislative .

non più coniuge
			DET ADV NOUN	ITWAC	ad ogni altro , conseguentemente gli ex coniugi non possono sottrarsi alle loro responsabilità , devono in ogni caso distinguere	il non più coniuge	, dall' essere genitore .

non più dominatori
			DET ADV NOUN	REPUBBLICA	#NAME?	i non più dominatori	.

non più esistenza
			DET ADV NOUN	ITWAC	I Gorillaz non esistono e lamentano	la non più esistenza	del mondo , il deserto arido e la discarica , mettono in scena l' implosione della cultura pop attraverso l' accumulo

non più essenzialità
			DET ADV NOUN	WIKICONLL	all' eccesso per lo spirito e per l' evoluzione ha mosso lo sguardo scientifico e profetico di Teilhard a vedere	la non più essenzialità	della stessa struttura sociale familiare per portare avanti l' evoluzione .

non più fascista
			DET ADV NOUN	ITWAC	Giunge perfino la bufala mediatica del vicepresidente del Consiglio ,	il non più fascista	Fini che , forse ben consigliato sulla gestione mediatica delle proprie sorti future , spara la cannonata : voto ai migranti

non più giovane
			DET ADV NOUN	ITWAC	Emily Watson nei panni	della non più giovane	aristocratica gioca ad essere il contraltare della follia di Luzhin e senza mai accentuarla troppo , la sottolinea : con altrettanta
			DET ADV NOUN	ITWAC	In quella città il solitario Charley , conquistato dalla forza e dal coraggio	della non più giovane	Sue ( Annette Benning ) , dovrà affrontare i demoni che lo perseguitano ed arrivare allo scontro violento con i despoti
			DET ADV NOUN	WIKICONLL	1988 ) ambientando- si positivamente , guadagnando la promozione in serie A e tornando , anche se con la limitazione	della non più giovane	età , agli standard dei tempi migliori .
			DET ADV NOUN	WIKICONLL	Formula 1 , con una squadra completamente nuova , che vede schierati due piloti italiani , Giuseppe Farina , ed	il non più giovane	Luigi Fagioli , classe 1898 , ed un pilota argentino , quasi quarantenne , ma di cui si dice un gran

non più giovani
			DET ADV NOUN	ITWAC	, come si apprende dallo stesso rapporto , da una percentuale compresa tra il 15 e il 22 per cento	dei non più giovani	proviene denaro per finanziare attività imprenditoriali .
			DET ADV NOUN	ITWAC	, svuotarsi di giovani ed adulti , ma rimanere colma di anziani ecco che , telefonando al numero verde ,	i non più giovani	possono avere precise informazioni su servizi oltremodo utili in una città semideserta quali : l' assistenza domiciliare , il servizio di
			DET ADV NOUN	ITWAC	Ai giovani e	ai non più giovani	che si avviano verso la senilità i consigli elargiti sono sostanzialmente i medesimi e si basano sull' attenzione di quanto ci
			DET ADV NOUN	ITWAC	Bene le opere di « bontà » dedicate	ai non più giovani	nel periodo natalizio dal sindaco Albertini e dalla sua giunta .
			DET ADV NOUN	ITWAC	Bisognerebbe sentirli sul serio i giovani e anche	i non più giovani	che hanno perso il lavoro , prima di interpretarne con tanta sicurezza le loro aspirazioni .
			DET ADV NOUN	ITWAC	I giovani ed	i non più giovani	si ritrovano in piazza a ballare e mangiare partecipando ad un ludo collettivo di tradizione secolare .
			DET ADV NOUN	ITWAC	La vita	dei non più giovani	infatti , prosegue Miselli è « carica della memoria del passato » , e soprattutto « della tradizione religiosa della Chiesa
			DET ADV NOUN	ITWAC	Le discoteche della fine degli anni Novanta e le cubiste che ballano sovrastando la folla dei giovani e	dei non più giovani	in pista sono di là da venire .
			DET ADV NOUN	ITWAC	Lâ  TMapertura musicale con lâ  TMormai inflazionato Il bel Danubio blu vuole forse influenzare la memoria	dei non più giovani	riportandoli a 2001 Odissea nello spazio , che ben difficilmente potrà ricordare qualcosa agli studenti Enciclopedia del ' Universo L' enciclopedia
			DET ADV NOUN	ITWAC	Lâ  TMapertura musicale con lâ  TMormai inflazionato Il bel Danubio blu vuole forse influenzare la memoria	dei non più giovani	riportandoli a 2001 Odissea nello spazio , che ben difficilmente potrà ricordare qualcosa agli studenti Lezioni , Capitoli , Viaggio nello
			DET ADV NOUN	ITWAC	Molti tra noi , soprattutto tra	i non più giovani	hanno certo vissuto lo scatenarsi della guerra con un senso profondo di frustrazione e di amarezza , accresciuto dallo spettacolo dei
			DET ADV NOUN	ITWAC	Mountain bike , che fatica per	i non più giovani	Egregio Professore , sono un ormai non più giovane cultore del ciclismo in tutte le sue forme .
			DET ADV NOUN	ITWAC	Sul piano strettamente radiofonico , per	i non più giovani	legati in qualche modo alla modulazione di ampiezza , ricordiamo che le onde corte sono in costante dismissione ; entro la
			DET ADV NOUN	ITWAC	di quello che è successo attorno al G 8 è degli intellettuali e in particolare dei registi italiani , anche	i non più giovani	Scola , Monicelli , Pontecorvo che , ancora una volta , avrebbero  coccolato i violenti  .
			DET ADV NOUN	ITWAC	gessatore ( in nero ) in un cantiere edile , di notte violentatore di donne sole in età avanzata :	dalle non più giovani	alle vecchiette .
			DET ADV NOUN	ITWAC	giovani che spesso sono quelli che non superano i test di Osservatore Arbitrale ma , vorrebbero comunque rimanere , e	i non più giovani	forse stanchi , demotivati e già appagati .
			DET ADV NOUN	ITWAC	periodo ) che ancora non finisce di esercitrare su molte menti giovani e non più giovani una prepotente fascinazione :	sui non più giovani	in quanto protagonisti o testimoni di un' epoca ( quando non attirittura nostalgici ) ; sui giovani , in particolare sulla
			DET ADV NOUN	ITWAC	periodo , riferito a Walter e William , si situano tra il Ventennio fascista e il dopoguerra , e per	i non più giovani	costituiscono un momento caratterizzante del  come eravamo  , frammenti visivi di uno spaccato di vita non molto lontano da
			DET ADV NOUN	ITWAC	prime generazioni , Fiorenza Jones , Presidente del Comites del Queensland & Northern Territory , ha voluto sottolineare che anche	i non più giovani	continuano a manifestare un forte interesse per l' Italia e verso tutto ciò che questa rappresenta : leggono i giornali italiani
			DET ADV NOUN	ITWAC	sarebbe più vivibile una Varese dove si può trovare un alloggio ad un affitto equo , dove i giovani e	i non più giovani	possano trovare spazi di socializzazione e creatività , dove i servizi sono vicini a chi se ne deve avvalere ?
			DET ADV NOUN	ITWAC	| Continua | L' importanza della vita affettiva a tutte le età  Anche per	i non più giovani	è possibile vivere con serenità il rapporto di coppia e migliorare così la qualità della vita ...

non più giovanotto
			DET ADV NOUN	REPUBBLICA	Kiss me stupid è probabilmente la migliore interpretazione in assoluto	del non più giovanotto	Dean Martin ( ha ormai 47 anni ) ma è uno dei pochi insuccessi del regista Billy Wilder , con complicazioni

non più giovinezza
			DET ADV NOUN	ITWAC	vedo un vecchio seduto su una panchina , anch' esso accartocciato su se stesso , senza luminosità sul volto scavato	dalla non più giovinezza	.

non più idoneità
			DET ADV NOUN	ITWAC	a tutt ' oggi la Provincia di Latina non intenda proseguire l' opera , per motivazioni poco chiare e riconducibili	alla non più idoneità	del sito ; la costruzione dell' Istituto scolastico è interamente finanziata con mutuo pari a 6.000 milioni di lire con ammortamento

non più idoneo
			DET ADV NOUN	ITWAC	Le passate e le presenti inerzie degli enti nella gestione dei meccanismi di progressione , unitamente	al non più idoneo	requisito di anzianità di livello attualmente richiesto , hanno irrigidito l' intero sistema , spesso negando l' adeguato riconoscimento della professionalità

non più immortale
			DET ADV NOUN	ITWAC	Nel frattempo ,	la non più immortale	Madame Web decide di spiegare finalmente a tutti cosa sta accadendo .

non più lettore
			DET ADV NOUN	ITWAC	breve , rappresentando ordinatamente quello che sarà piaciuto all' inventore , non operi soltanto nella immaginativa ma eziandio ne' sensi	del non più lettore	ma spettatore e uditore e che so io ?

non più matricole
			DET ADV NOUN	ITWAC	Mulder | 12 Maggio 2003 | 17:40 Sophomore è il nome che danno	alle non più matricole	( freshmen ) del secondo anno nei college statunitensi .

non più ministro
			DET ADV NOUN	REPUBBLICA	È già buio , quando la trasformazione	del non più ministro	del Tesoro in presidente della Repubblica si è compiuta definitivamente con il trasloco da via XX Settembre : i commessi chiudono

non più neonata
			DET ADV NOUN	ITWAC	Una giusta protesta che nasce dall' estremo disagio e mal servizio a cui ci sta sempre più abituando	la non più neonata	Trenitalia s.p.a.  Da ottobre , spiega Balotta  segretario della Fit Cils lombarda  sono stati soppressi 186 treni pendolari

non più onorevoli
			DET ADV NOUN	ITWAC	Protagonisti di questo ignobile gesto	i non più onorevoli	Borghezio , Salvini e Speroni .

non più partecipazione
			DET ADV NOUN	ITWAC	purtroppo , è di San Francesco che mi ha ispirato dopo 25 anni di forzato silenzio - lo si evince	dalla non più partecipazione	di padre Giovanni alle processioni della statua , cioè da quando 25 anni fa aveva già denunciato questo problema , ma

non più presenza
			DET ADV NOUN	ITWAC	dopo gli avvenimenti dello scorso anno , alla riapertura di un' altra sessione , nonostante tanti cedimenti di Carlo ,	la non più presenza	del duca di Buckingam , i contrasti si riaccendono ancora sull' autoritarismo della corona ma anche su quello ecclesiastico .

non più produzione
			DET ADV NOUN	WIKICONLL	molto giovani che non parlando perdono la capacità di riprodurre i suoni , il che porta in entrambi i casi	alla non più produzione	di suoni completi che si riducono a gutturali e quindi praticamente incomprensibili .

non più ragazze
			DET ADV NOUN	ITWAC	4 )	Alle non più ragazze	.

non più riconoscibilità
			DET ADV NOUN	ITWAC	Si può correre il rischio , cosa che è già in atto ,	della non più riconoscibilità	dell' architettura da parte dell' utenza ...

non più signorine
			DET ADV NOUN	REPUBBLICA	signore madri : a partire dall' anno venturo , con giubilo di numerose aspiranti , Miss Italia si aprirà anche	alle non più signorine	.

non più sonno
			DET ADV NOUN	ITWAC	 Rotolai nel mondo di pantofole Sbattendo la testa Contro il pavimento	del non più sonno	.

non più sostenibilità
			DET ADV NOUN	ITWAC	In quell' Assise si approfondiscono naturalmente i temi interni dell' organizzazione , ma particolarmente	la non più sostenibilità	#NAME?

non più studenti
			DET ADV NOUN	ITWAC	Offerte per i giovani , per i non giovani , per gli studenti e per	i non più studenti	di tutte le età , ma sempre attenti ai tuoi desideri .

non più tanto
			DET ADV NOUN	REPUBBLICA	del Leone d' Inverno di James Goldman , da ieri in scena al Manzoni di Milano , Rossella Falk è	la non più tanto	soda- le consorte di Enrico II Re d' Inghilterra recitato da Andrea Giordana , nei panni della cui favorita è Valentina

non più ufficio
			DET ADV NOUN	ITWAC	Ricordo molto bene di quel giorno , il tratto che mi portò	dal non più ufficio	, a casa ...

non più verde
			DET ADV NOUN	ITWAC	, insieme magari a qualche altra pecorella smarrita e ritrovata , per formalizzare la nascita dell' O.N.G.I. Sembrerebbe interessato anche	il non più verde	Stefanino , ma la sua carenza di vigore e la decrepita mollezza dallo stesso più volte dichiatamente ammessa non autorizza facili
			DET ADV NOUN	ITWAC	Il regista Stanley Donen ha fatto di meglio : Audrey Hepburn comunque sempre deliziosa in qualsiasi ruolo , pure ;	il non più verde	Fred Astaire prde di colpo vent' anni appena accenna a qualche passo di danza  .
			DET ADV NOUN	ITWAC	Nell' Africa coloniale di inizio '900 , durante la guerra anglo-boera ,	la non più verde	aristocratica Martha ( Juliet Aubrey ) scopre l' amore che aveva rimosso dalla propria vita nell' attendente del fratello .
			DET ADV NOUN	ITWAC	Sembrerebbe interessato anche	il non più verde	Stefanino , ma la sua carenza di vigore e la decrepita mollezza dallo stesso più volte dichiatamente ammessa non autorizza facili

non più vigenza
			DET ADV NOUN	ITWAC	principio generale della sospensione obbligatoria ex lege del processo civile , amministrativo o contabile , depongono a maggior ragione per	la non più vigenza	della sospensione facoltativa per pregiudizialità del processo penale .

non più vita
			DET ADV NOUN	ITWAC	della lapide : l' epigrafe rende ufficiale la fine quando il dedicatario decide di farsi ricordare , quando si passa	dalla non più vita	alla storia e quindi alla memoria di sé .
