"ormai-ex",4
"principino-ormai-Re",3
"http://www.arpaonline.it/arpaonline/it/arpainformai-di-linea-per-contratto-a-tempo-determinato.html",2
"ormai-donna",2
"ormai-non-più",2
"http://www.marcosperandio.net/post/469/1/i-rifiutiue-possibili-soluzioni-a-un-problema-ormai-globale",2
"http://italian.ruvr.ru/news/2014_05_03/Peskov-ne-lono-ormai-influenzare-il-sud-est-dellUcraina-0315",2
"http://www.nocristianofobia.org/cattedrale-di-cordoba-si-e-ormai-alle-minacce/",2
"https://www.bitcity.it/news/36823/piu-della-meta-dormai-le-fonti-illegali-di-contenuti-digitali.html",2
"www.500clubitalia.it/forum/4-il-restauro...estauro-ormai-storia",2
"affabile-dittatore-ormai-non-più-così-affabile",1
"futuro-ormai-passato",1
"giovane-ormai-non-più-tanto",1
"http://allaroundmetal.com/component/content/articlath-metal-italiano-non-sia-ormai-secondo-a-nessuno",1
"http://a.marsala.it/cronaca/ambiente/16427-dali-qitro-mare-ormai-al-sicuro-dalle-trivellazioniq.html",1
"attore-ormai-regista",1
"Fighette-devo-rimettermi-a-posto-il-trucco-che-siam-partiti-ormai-da-minuti15",1
"http://bioregionalismo-treia.blogspot.it/2016/10/ormai-e-scientificamente-appurato-la.html",1
"http://blogeko.iljournal.it/lalbero-delle-mele-per-maturano-centinaia-di-varieta-ormai-estinte/77308",1
"dellormai-antico",1
"http://isegretidellacasta.blogspot.com/2011/11/la-vera-storia-dellormai-neopremier.html",1
"https://discoclub.myblog.it/2018/09/17/ormai-e-una-valido-ha-fatto-tredici-joe-bonamassa-redemption",1
"duo-ormai-trio",1
"Giuly-ormai-esasperata",1
"Elle-bionda-ormai-definitivamente-cecata",1
"http://italian.ruvr.ru/news/2014_06_17/Lavrov-in-Ucraina-orientale-e-ormai-pulizia-etnica-7190",1
"http://www.arabnews.it/2008/10/01/la-guerra-in-afghanistan-e-ormai-perduta",1
"ormai-dopo",1
"http://www.circolovegetarianocalcata.it/2013/02/24cambiamento-ormai-necessario-il-parere-dei-nostri",1
"http://www.consiglio.puglia.it/dettaglio/contenutoperplessita--Disimpegno-delle-risorse-ormai-certo-",1
"http://www.downloadblog.it/post/osx-su-x86-ormai-ci-provano-tutti",1
"http://www.freeplaying.it/2016/09/10/miyamoto-amme-le-piattaforme-mobile-sono-ormai-le-piu-popolari",1
"http://www.ilfattoquotidiano.it/2015/12/23/riformai-stato-ritorna-a-dipendere-dallesecutivo/2328391",1
"http://www.loudvision.it/cinema-news-robert-dwney-jr-ormai-e-inarrestabile--3158.html",1
"ormai-non-più-amante",1
"http://www.maurizioblondet.it/ormai-non-fingono-nemmeno-piu/",1
"http://www.meteogiornale.it/notizia/24294-1-ghiacci-artici-a-picco-ormai-si-supera-minimo-del-2007",1
"ormai-nostra",1
"http://www.siciliainformazioni.com/sicilia-informai-conquistano-anche-campofelice-a-loro-la-munnizza",1
"http://www.vita.it/mondo/attualita/la-chiesa-ormai-un-potere-che-frena.html",1
"ormai-quasi-morigerata",1
"https://lamartesana.it/politica/sert-ormai-superata-proposta-della-lega-contro-le-tossicodipendenze/",1
"https://notiziariocasertano.wordpress.com/2017/12/ierna-ormai-indissolubilmente-legata-ai-social-ne",1
"https://www.arcidiocesibaribitonto.it/pubblicazionalla-cultura-dell2019ormai-a-quella-del-non-ancora",1
"ragazzi-ormai-cresciuti",1
"https://www.balarm.it/eventi/una-bambina-ormai-crea-pupa-di-pezza-al-teatro-ditirammu-palermo-109637",1
"http://mondorosashokking.com/pages/l-esperto-rispo-le-scottature-e-rimediare-a-danno-ormai-compiuto/",1
"era-arrivato-ben-prima-e-ormai-e-disilluso-nulla-si-puo-fare-baby",1
"https://www.paoloferrarocdd.eu/linquinamento-dellatamente-militari-e-ormai-un-dato-reale-e-concreto/",1
"la-fine-del-mondo-è-ormai-prossima",1
"http://questionegiustizia.it/articolo/cittadini-stieghi_una-questione-ormai-risolta__11-02-2015.php",1
"ma-ormai-a-villetta-quadrata",1
"milanese-tipo-ormai-un-po",1
"http://ricerca.repubblica.it/repubblica/archivio/r/1988/08/02/ormai-latin-lover-non-abitano-piu.html",1
"essere-ormai-così-e-non-altri",1
"Il-giorno-ormai-scompare",1
"movimento-ormai-pienamente-partito",1
"ormai-conclude",1
"ormai-continua",1
"neo-ormai-ex-direttore",1
"http://thatdayweddingplanner.blogspot.com/2011/04/ormai-piu-di-una-settimana-fa.html",1
"ormai-esagerazione-forse-però-no-e",1
"orange-celery-chocolate-ormai-li-fanno-con-tutto",1
"ormai-ex-lingua",1
"ormai-ex-parrucca",1
"ormai-fantasmi",1
"ormai-fu-coppia-d''oro",1
"ormai-ho",1
"ormai-molto",1
"ormai-morto",1
"ormai-non-mi-ricordo",1
"ormai-non-nuova",1
"ormai-abbiamo-annunciato-la-seconda-serie-adesso-cosa-facciamo",1
"http://vitoiuvara.com/2015/05/29/amiibo-ormai-e-una-guerra-di-nervi",1
"fatto-ormai-divenuto",1
"ormai-non-più-duo",1
"ormai-non-più-giovane",1
"ormai-non-più-giovani",1
"ormai-non-più-neonata",1
"ormai-nonni",1
"ormai-per",1
"ormai-più-così-rari",1
"ormai-quasi-cinquantenne",1
"ormai-quasi-ex",1
"ormai-quasi-londinese",1
"ormai-amici",1
"ormai-sapete-cosa",1
"ormai-scritto",1
"ormai-sempre-più-alpinisti",1
"ormai-sposi",1
"ormai-tanto-tanto-troppo",1
"ormai-umani",1
"partiti-ormai-fantasma",1
"ormai-avete-capito-a-quale-decennio",1
"http://www.adrianopalozzi.it/rassegna-stampa/post/beri-ancora-crolli-roma-ormai-in-totale-abbandono/",1
"quasi-ormai-pubbliche",1
"riforme-necessarie-al-Paese-perché-la-crisi-è-allespalle-ormai-e-la-crescita-è-garantita-per-il-2014",1
"scritto:http://www.ilfattoquotidiano.it/2016/04/22/riformai-salva-quelle-che-vuole-zero-trasparenza/2662489",1
"senil-ormai-minchio-scassato",1
"sensazioni-che-ormai-sono-emozioni",1
"sinistra-quasi-destra-ormai-anche",1
"sito-di-sostanze-chimiche-in-cina-ormai-non-ce-piu-dubbio-ba",1
"spoiler-ormai-non-più",1
"tardo-pomeriggio-ormai-serata",1
"tedesca-che-ormai-anche-lei-fa-tutto-in-Cina",1
"tribunatreviso.gelocal.it/sport/2020/08/04/news/oggi-tocca-al-treviso-mister-cunico-con-savio-la-rosa-e-ormai-fatta-1",1
"verde-speranza-di-diventare-nikonista-anche-se-lo-sono-ormai-da-una-vita",1
"wireframe-ormai-prototipo",1
"ormai-ci-sono-e-mica-ci-ritorno-domani",1
"www.agenparl.it/articoli/news/esteri/20110915-libisbai-pdl-ormai-e-francese-e-dei-fratelli-musulmani",1
"ormai-cinquantenne",1
"http://www.adrianopalozzi.it/rassegna-stampa/post/nza-buche-a-roma-e-ormai-sotto-gli-occhi-di-tutti/",1
"fedelissimi-di-Roswell-che-aspettano-da-anni-e-ormai-non-ci-sperano-piu",1
"Quotidiano-ormai-Unità",1
"Elle-ormai-cecata",1
"7968-glese-è-ormai-a-quota-87&referrerid=0&referrerid=0",1
