"mai-più-senza",43
"più-o-meno",42
"più-meno",22
"non-più-giovani",20
"chi-più-ne-ha-più-ne-metta",14
"più-più",14
"non-più-giovane",12
"obiettivo-più-intelligente-di-Berlusconi",9
"più-di-godere",9
"più-che-vita",8
"uno-più-uno",8
"più-uno",8
"più-che-umano",8
"più-che-umana",7
"più-e",7
"due-più-due",6
"più-europeismo",6
"più-la",5
"non-più-vita",5
"Festival-non-più-Festa",5
"più-che-umani",5
"più-di",5
"più-che-dono",5
"Telepiù-Stream",5
"più-più-più",5
"più-che-proporzionale",5
"non-più-tanto-giovani",5
"tristemente-non-più-famosissimo",4
"ragazzini-sempre-più-bambini",4
"tre-più-due",4
"non-più-apprendimento",4
"più-poveri-fra-i-più-ricchi",4
"non-più-vivi",4
"più-che",4
"più-o-meno-realizzate",4
"più-europeista",4
"più-non-posso",4
"non-più-tanto-giovane",4
"più-essere",4
"e-chi-più-ne-ha-più-ne-metta",4
"più-dimensione",4
"non-più-Capri",4
"più-in-là",4
"più-che-reale",4
"più-in",3
"più-è",3
"poco-più-che-trentenne",3
"tre-più-uno",3
"più-Essere",3
"più-che-umane",3
"più-che-magico",3
"più-si",3
"più-che-Sé",3
"molto-più-potente-assai",3
"non-più-uomini",3
"costituzione-più-bella-del-mondo",3
"non-più-cantina",3
"più-io",3
"giovani-più-giovani",3
"non-più-bambini",3
"più-a",3
"più-ricchi",3
"non-più-bambino",3
"non-essere-più-nel-mondo",3
"più-che-perfetta",3
"io-non-più-io",3
"chiese-non-più-chiese",3
"più-o-meno-precari",3
"più-che-valore",3
"non-mi-ricordo-più-dove",3
"vogliono-più-fare",3
"più-tardi",3
"più-anno",3
"più-e-più",3
"non-più-comunisti",3
"uomo-più-grasso-del-mondo",3
"non-più-giovanissimo",3
"mamma-più-bella-del-mondo",3
"non-più-tanto-giovine",3
"più-non",3
"più-frequenti",3
"più-europeisti",3
"non-più-berlusconiani",2
"non-più-giovanissimi",2
"non-più-originalità",2
"non-più-umani",2
"non-più-creare",2
"http://www.alkemica.net/articoli/entry/4-società-eere-più-dominati-come-fermare-il-dividi-et-imperat",2
"non-più-vivo",2
"sempre-più-poveri",2
"Lega-non-più-Nord",2
"semi-quasi-fidanzato-forse-più-scopamico",2
"più-ù-ù",2
"circa-più-o-meno-quasi",2
"più-tirato",2
"più-se",2
"più-o-meno-velate",2
"più-che-imperfetta",2
"clason-luomo-più-ricco-di-babilonia",2
"più-di-godimento",2
"più-che-essere",2
"più-che-voluto",2
"più-che-sesso-dipendente",2
"non-più-mio",2
"chi-urla-di-più-crede-di-avere-ragione",2
"politico-più-intelligente",2
"reliquia-non-più-reliquia",2
"più-u-u",2
"Valerio-senza-più-un-cuore",2
"più-valore",2
"estrogeno-più-progestinico",2
"non-più-domestico",2
"http://www.alkemica.net/articoli/entry/9-curarsi-e-curare/323-lo-specchio-più-chiaro",2
"non-so-più-chi",2
"non-più-vergini",2
"meno-Stato-più-mercato",2
"più-che-curioso",2
"non-più-ora",2
"pianeta-più-cattolico",2
"sempre-più-progressivamente",2
"non-più-cattolico",2
"lavoro-non-più-fisso",2
"più-con",2
"non-più-io",2
"non-più-adattativa",2
"non-più-sorprendente",2
"/2ppiù-mmi/3gliòri",2
"non-più-vivere",2
"più-tosto",2
"più-senza",2
"più-o-meno-ragazzo",2
"più-minuto",2
"democrazia-non-più-democrazia",2
"più-che-il",2
"più-componenti",2
"mini-che-più-mini-non-si-può",2
"più-zero-virgola",2
"poco-più-che-ventenni",2
"più-poco",2
"al-più-presto",2
"al-più-tardi",2
"non-ci-sono-più-le-mezze-stagioni",2
"di-più-di-tutto",2
"più-due",2
"più-gravi",2
"mestiere-più-antico-del-mondo",2
"non-più-bambine",2
"ancora-più-precise",2
"non-più-così-giovane",2
"non-più-ma-non-ancora",2
"Non-più-essere",2
"Costituzione-più-bella-del-mondo",2
"non-più-segreto",2
"non-più-tanto-piccola",2
"non-più-umano",2
"non-più-uomo",2
"non-so-più-quanti-lustri",2
"non-più-sinistra",2
"non-più-valutare",2
"Pianeta-più-mafioso",2
"Facendo-più-test-stan-dar-diz-zati",2
"più-Europa",2
"Ristopiù-RistoDonna",2
"più-PIU",2
"più-un",2
"più-ahimè",2
"più-amore",2
"più-attività-traguardi-prove",2
"più-spazio",2
"più-popolare",2
"più-brillante",2
"vívido-più-ampio",2
"uomo-più-tecnologia",2
"umani-più-umani",2
"tutti-i-gusti-più-uno",2
"più-veloce-della-luce",2
"Non-più-volere",2
"più-senso",2
"più-santo-di",2
"non-più-soffitto",2
"http://www.alkemica.net/articoli/entry/4-società-el-risveglio-del-leone-umanità-mai-più-in-ginocchio",2
"più-o-meno-garantiti",2
"più-grandi-della-vita",2
"più-grande",2
"più-furbo-dei-furbi",2
"più-che-amore",2
"più-ampiamente",2
"più-del-necessario",2
"più-che-autocosciente",2
"più-visitata",2
"più-prosegue",2
"più-reale-del-reale",2
"più-che-futuro",2
"più-così",2
"più-che-uomo",2
"più-che-presente",2
"più-che-passato",2
"trentuno-più-due",2
"più-facilmente",2
"più-che-perfetto",2
"più-che-oggetto",2
"più-che-luoghi",2
"consumatore-non-più-solo-consumatore",1
"Vieni-a-saperne-di-più-su-di-noi",1
"Indubbiamente-Il-più-Sapiente-Animale-di-tutta-l''Africa-Meridionale",1
"Web-che-non-c''è-più-o-forse-c''è-ancora",1
"Zeropiù-Vantea",1
"Indubbiamente-il-più-Sapiente-Animale-di-tutta-l''Africa-Meridionale",1
"Amore-sempre-più-grande",1
"a-mai-più-rivederci",1
"a-più-mani",1
"Io-mangio-più-di-te",1
"a-più-nonposso",1
"adesso-non-è-più-come-prima-che-i-figli-si-dovevano-fare-prima-dei-trenta",1
"Italiani-non-vogliono-più-fare",1
"Atleticapiù-secondo",1
"50%-più-uno",1
"adolscente-la-so-più-lunga-di-te",1
"affabile-dittatore-ormai-non-più-così-affabile",1
"Jerry-più-Ivan",1
"agenti-non-più-vigilanti",1
"del-sono-più-bella-della-mia-compagna-di-scuola",1
"La-più-bella",1
"Azione-più-Soggetto",1
"demografia-più-che-umana",1
"album-perché-erano-più-trve",1
"La-più-bella-storia-d''amore",1
"alleato-ma-non-più-come-prima",1
"allora-defunto-ma-più-semplicemente-ed-evidentemente-scomparso",1
"Lazzaro-gesù-sempre-più-messia-sacerdotale-soter-salvatore",1
"B-più-accorciato",1
"578-La-stella-gialla-più-grande-HR5171A&referrerid=0",1
"2059-La-stella-più-vecchia&referrerid=0",1
"di-più-uomo-con-l''etica",1
"alternative-metal-anzi-nu-metal-forse-hardcore-insomma-molto-più-che-rock",1
"alternative-critiche-che-più-critiche-non-si-può",1
"alto-che-più-alto-non-si-può",1
"altrettanto-più-o-meno-famosi",1
"Lega-sempre-più-nord",1
"Capitano-più-grande-di-tutti-i-tempi",1
"amare-i-propri-più-stretti-consanguinei",1
"amico-scopamico-qualcosadipiù-nemico",1
"Lungarno-non-so-più-come-si-chiama",1
"ancor-più-alto-bollente",1
"ancor-più-ancor-più",1
"Mai-più-senza",1
"Capodanno-più-lungo-del-mondo",1
"700-e-non-ricordo-più-quante",1
"marito-ex-e-non-più-ex",1
"continua-a-fare-quel-che-più-gli-pare",1
"contro-ma-più-contro-non-si-può",1
"coppia-più-1,2-figli",1
"corpo-più-Thetan",1
"corsa-più-classica",1
"corte-che-più-corte-non-si-può",1
"cosa-per-migliorarlo-e-renderlo-più-nobile",1
"cose-decisamente-più-avanzate",1
"costituzione-più-bella",1
"millegusti-più-uno",1
"creando-ancorcrpiù-confusione",1
"crema-che-più-crema-non-si-può",1
"crescita-che-non-potrà-mai-più-tornare",1
"cristiano-che-più-cristiano-non-si-può",1
"csi-c-c-più-più",1
"cugine-più-grandi-di-te",1
"cyborg-non-più-cyborg",1
"da-ieri-non-più-pedofilo-e-ne-corrutore",1
"danno-più-beffa",1
"decisamente-più-leggibile",1
"del-più-e-del-meno",1
"nera-che-più-nera-non-si-può",1
"neutrini-più-veloci-della-luce",1
"noi-abbiamo-la-Costituzione-più-bella-del-mondo",1
"depresso-più-per",1
"depresso-più-per-denaro-che-per-stile-personale",1
"detto-di-parlare-più-piano",1
"di-più-di-morte",1
"di-più-di-senso",1
"non-esser-più-ora",1
"di-più-non-si-può",1
"non-essere-più-nella-madre",1
"di-più-è-meglio",1
"difendi-le-palle-più-difficili",1
"discoteca-più-liscio",1
"distruggo-tutto-io-che-sono-il-più-forte-di-tutti",1
"diventata-sempre-più-un''Internazionale-post-comunista",1
"dolce-subire-quello-che-ci-viene-propinato-senza-più-giudizio-critico-da-parte-nostra",1
"donne-mollate-per-una-più-giovane",1
"donne-più-proprietà",1
"due-locali-più-servizi-ultimo-piano-senza-ascensore",1
"non-più-Nord",1
"due-più-due-fa-quattro",1
"due-più-due-uguale-quattro",1
"due-più-quattro",1
"due-più-tre",1
"due-più-uno",1
"duo-più-altri-musicisti",1
"non-più-arrangiarmi",1
"ancor-più-commerciali",1
"e-ora-niente-ha-più-senso",1
"e-se-permetti-ne-so-più-di-te",1
"ancor-più-gigantesche",1
"Maipiù-Nikolivec",1
"ebbasta-non-se-ne-può-più-che-due-palle",1
"ehi-guarda-la-mia-vita-è-più-figa-della-tua",1
"ancor-più-sensibile",1
"ehm-Navigation-Controller-più-PsEye",1
"enne-più-unesimo",1
"ancor-più-vecchia",1
"Maipiù-Nikoliveč",1
"Casini-Fini-Bersani-Formigoni-Bonino-Storace-Letta-e-chi-più-ne-ha-più-ne-metta",1
"enne-più-uno",1
"eno-gastro-relax-e-chi-più-ne-ha-più-ne-metta",1
"ancora-affabile-ma-più-deciso-che-mai",1
"esperimento-freddo-più-freddo-freddissimo",1
"espressione-più-alta-di-uomo",1
"ancora-più-caldo-e-secco",1
"Mega-non-più-così-tanto-Dave",1
"essere-solo-più-semplicemente-presente",1
"esseri-umani-più-uguali-degli-altri",1
"ancora-più-estemporanea",1
"non-più-con-noi",1
"non-più-corpo",1
"estivi-che-più-estivi-non-si-può",1
"Mi-è-più-a",1
"Cgil-il-più-grande-sindacato-italiano",1
"7051-Più-grande-e-più-potente-che-pria&referrerid=0",1
"2250-Folato-il-labirinto-più-grande-al-mondo&referrerid=0",1
"/http://www.altadauniaaltosalento.it/showthread.phpe-9-anni-in-più-studio-made-in-Puglia&referrerid=0",1
"eterno-che-più-eterno-non-si-può",1
"ex-amministratore-più-in-carica-che-mai",1
"anni-risoluzione-cucinare-più-spesso",1
"ex-figlio-più-scarso",1
"ex-non-più-ex",1
"antichissime-tra-le-più-antiche",1
"Michi-in-piena-tolleranza-che-usa-le-faccine-come-più-le-aggrada",1
"facce-più-che-giuste",1
"facciamo-a-cchi-cià-ppiù-rrobba",1
"antifascisti-non-più-antifascisti",1
"facciamo-trenta-più-bei-posti-del-mondo",1
"faccio-altro-roba-più-concreta",1
"antiproiettili-più-elmetto",1
"Mielpiù-bio",1
"Chiamparino-più-più",1
"famolo-più-strano-degli-altri",1
"far-più-giovine",1
"appena-appena-poco-più-in-gel",1
"fascisti-non-più-fascisti",1
"fate-come-dico-io-che-sono-il-più-bravo",1
"appena-non-più-teenager",1
"Mille-e-non-più-Mille",1
"fatti-più-in-là",1
"fidanzato-matrimonio-figli-più-eventuale-amica-per",1
"articolo-che-più-de-sfroos-non-si-può",1
"film-più-commedia",1
"forza-lavoro-mai-più-mercificata",1
"assai-più-figo-coi-capelli-lunghi",1
"Mille-e-non-più-mille",1
"Chiesa-più-una",1
"8.1-più-Android-4.2.2",1
"forza-lavoro-non-più-merce",1
"foto-talmente-bella-che-se-avessi-avuto-un''altra-fotocamera-sarebbe-stata-più-bella",1
"auto-più-grandi-ma-efficienti",1
"francesi-non-più-così-tanto-francesi",1
"frase-più-tipo",1
"avere-a-disposizione-più-tempo-libero-da-dedicare-a-ciò-che-si-ama-di-più-fare",1
"Mille-non-più-Mille",1
"gente.=====================più-dutch-e-rosa-ch-07",1
"gesto-più-parola",1
"bambina-non-più-bambina",1
"gettone-più-due",1
"gettoni-più-due",1
"bambini-che-non-hanno-niente-eppure-sono-più-contenti-dei-nostri-e-cantano-così-bene",1
"Mille-non-più-mille",1
"Civiltà-più-Mafiosa",1
"giglio-non-più-magico",1
"gioco-più-grande",1
"bambino-che-non-era-più-lui",1
"giovane-ma-non-più-giovanissimo",1
"giovane-ormai-non-più-tanto",1
"bambole-non-più-bambine",1
"Mostra-più-post-possibili",1
"giovane-più-giovane",1
"giovani-ma-non-più-giovanissimi",1
"base-che-più-base",1
"giovani-non-più-così-giovani",1
"giovani-non-più-tanto-giovani",1
"base-che-più-di-base-non-si-può",1
"Napolipiù-La",1
"Cosa-che-non-è-più-da-un-pezzo",1
"857-Stazione-meteo-più-alta&referrerid=0",1
"25146-da-vedere-i-volatili-più-rari-del-mondo&referrerid=0",1
"non-più-mercati",1
"già-più-che-evanescente",1
"basso-livello-che-più-basso-non-si-può",1
"gli-eroi-più-migliori-di-sempre-del-momento",1
"governo-Usa-più-breve-della-storia",1
"bellezza-più-unica-che-rara",1
"Napolipiù-la",1
"grigio-non-più-bianco",1
"grosso-più-grosso",1
"bello-ma-più-vecchio-di-Edward-Cullen",1
"grossolanamente-all''incirca-più-o-meno",1
"guardacaso-più-zelanti-di-prima",1
"ben-più-noto",1
"Non-più-Promessa",1
"Costituzione-più-bella-del",1
"non-più-papa",1
"guerra-più-guerra-di-tutte-le-guerre",1
"guardate-che-la-più-bella-sono-io",1
"guida-che-è-molto-più-che-una-guida",1
"happy-ending-che-più-happy-non-si-può",1
"bianco-più-bianco",1
"bianco-che-più-bianco-non-si-può",1
"hippie-più-o-meno-ex-hippie",1
"ho-deciso-che-non-faccio-più-le-meches-e-li-facciocrescere-quel-tanto-che-me-li-possa-tagliare-corti",1
"bicchieri-chiocciole-grappoli-stellette-e-chi-più-ne-ha-più-ne-metta",1
"http://forgottenworld.it/forum/topic/14886-pathfinder-lora-più-buia",1
"http://iltiromagazine.it/il-figlio-di-philip-meyer-uno-dei-libri-più-forti-di-sempre",1
"bombe-super-sexy-che-non-si-fermano-nemmeno-di-fronte-alle-condizioni-meteorologiche-più-impensabili",1
"Non-più-calcare",1
"Non-più-apprendere",1
"9797-Nn-mi-funziona-più-l-anemometro",1
"non-più-proprio-canonico",1
"http://libero-news.it/news/802016/Arresi-Lo-spazziianca-Napoli-i-rifiuti-sono-più-grandi-di-lui.html",1
"http://killerbnyc.com/festa-da-scopare-coed-cazzi-tar-più-popolare-pogno-annunci-personali-a-vicenza",1
"http://menopausaserena.altervista.org/statura-più-bassa-in-menopausa-le-cause-si-può-evitare-.html",1
"http://mondorosashokking.com/Charity/Donare-la-vistalia-e-Filippa-Lagerback-per-in-Natale-più-bello/",1
"bue-più-veloce-del-mondo-in-amore",1
"brutto-più-brutto",1
"http://mondorosashokking.com/Extras/Gli-Hotel-più-bizzarri-del-mondo/",1
"http://mondorosashokking.com/Fresca-Di-Giornata/Gli-italiani-non-sanno-più-gestire-il-sesso/",1
"caccia-al-più-povero",1
"http://mondorosashokking.com/Fresca-Di-Giornata/Rc-auto-più-care-per-le-donne--Ordine-dell-Ue/",1
"http://mondorosashokking.com/MRworking/E-la-donna-lavora-di-più---/",1
"caldo-sempre-più-caldo",1
"Non-più-outsider",1
"Dio-non-più-dio",1
"http://mondorosashokking.com/MRworking/Per-un-matrimonio-sempre-più-web-2-0",1
"http://mondorosashokking.com/Mode-e-Tendenze/I-5-stilisti-emergenti-più-Interessanti--Per-Me",1
"calisto-il-tuo-risparmio-non-s''è-più-visto",1
"http://mondorosashokking.com/Mode-e-Tendenze/I-Braccialetti-più-belli-con-gli-elastici-/",1
"http://mondorosashokking.com/Mode-e-Tendenze/Le-coe-e-i-bijoux-più-glam-della-Primavera-Estate-2015",1
"campagna-non-più-campagna",1
"Non-più-provincia-chissà-come-la-chiameranno",1
"non-più-sovrano",1
"http://mondorosashokking.com/Oh-Mamma/La-mamma-italiana-più-potente-d",1
"http://mondorosashokking.com/Non-solo-in-cucina/TO10-dei-ristoranti-più-strani--e-folli",1
"http://mondorosashokking.com/QuotaD/-Fatti-più-in-là-/",1
"http://mondorosashokking.com/QuotaD/Le-mamme-sempre-più-2-0",1
"campionato-più-bello-del-mondo",1
"campagna-per-la-vita-che-rende-più-difficili-le-nascite",1
"Dio-non-posso-scrivere-più-un''altra-pagina-facciamola-finita-alla-svelta",1
"99an-NG-E-non-sarete-più-soli",1
"279468-GTA-V-indizi-più-concreti&referrerid=0",1
"15-Soyuz-forse-più-costoso-della-storia&referrerid=0",1
"-topic-più-GLAM-del-forum&referrerid=0",1
"non-più-tanto-burrosa",1
"http://mondorosashokking.com/Telenovità-CinecuriosI-Vip-e-le-assicurazioni-più-strane-mai-stipulate/",1
"http://mondorosashokking.com/QuotaD/Più-donne-al-lavoro-significa-più-crescita/",1
"http://mondorosashokking.com/Un-pizzico-di--/Domani-sarà-più-buono-di-Bruno-Barbieri/",1
"http://mondorosashokking.com/Un-pizzico-di--/Facilissimo--Mai-più-di-6-ingredienti",1
"cattivo-che-non-solo-non-diventa-buono-ma-diventa-sempre-più-sadico",1
"campionato-più-difficile-del-mondo",1
"http://segnoweb.azionecattolica.it/video/dopo-il-lockdown-cristiani-più-partecipi",1
"http://superstitionvintage.com/incontrare-ragazze-elpozzolo-app-per-incontri-più-hot-ftm-incontri-uk",1
"ce-l''ho-più-luingo-io",1
"http://www.afdigitale.it/News/Mercato/15084/LHD-DVD-vende-più-del-Blu-ray,-anche-da-morto.aspx",1
"non-più-terra-non-ancora-mare",1
"cena-con-due-amichette-più-cinema-più-pigiama-party",1
"Novipiù-Aget",1
"Novipiù-AcegasAps",1
"non-più-tradizionale",1
"non-più-ultima",1
"cena-più-teatro",1
"http://www.amazon.it/Flatlandia-Racconto-fantastico-più-dimensioni/dp/8845909824",1
"http://www.bblerosecernobbio.it/wp-content/uploads-più-belle-mete-estive-per-giovani-economiche-.jpg",1
"centro-che-più-cattolico-non-si-può",1
"Novipiù-Sigma",1
"http://www.carabinieri.it/cittadino/consigli/per-i-più-piccoli.",1
"http://www.europarl.europa.eu/news/it/headlines/cocarburante-più-pulito-per-salvare-migliaia-di-vite",1
"centro-che-più-centro",1
"http://www.europarl.europa.eu/news/it/headlines/couccessioni-transnazionali-una-legge-più-semplice",1
"http://www.giornaledibrescia.it/in-citta/la-pensione-non-basta-più-vendo-i-miei-libri-1.1687025",1
"centro-sinistra-più-Dini-e-Mastella",1
"Oddio-le-mie-labbra-sono-diventate-più-sottili",1
"Dovrebbero-fare-queste-cose-più-spesso",1
"Dio-è-più-grande-del-tuo-Dio",1
"http://www.greatitalianfoodtrade.it/etichette/chinta-bibite-più-contraffatte-16-prodotti-a-confronto",1
"http://www.ilblogsonoio.com/wp-content/uploads/201fetta-più-grande-della-torta-digitale-1024x684.jpg",1
"ceto-medio-che-non-esiste-più-in-Italia",1
"http://www.liberoquotidiano.it/news/884738/Gli-azzurri-temono-più-la-Merkel-che-le-tasse.html",1
"http://www.liberoquotidiano.it/news/886456/Mario-più-ragioniere-che-prof.html",1
"che-che-non-c''è-niente-di-più-che",1
"PPM=pianeta-più-mafi0so",1
"http://www.mondodiscus.com/forum/showthread.php/47anno-un-discus-con-diametro-più-20-cm",1
"http://www.mondodiscus.com/forum/showthread.php/64l-museo-di-meduse-più-grande-al-mondo",1
"che-ha-più-non-un-po",1
"http://www.mondodiscus.com/forum/showthread.php/67-posti-abbandonati-più-belli-al-mondo",1
"http://www.mondodiscus.com/forum/showthread.php/9414-Non-riesco-più-a-caricare-le-foto",1
"che-non-può-più-tornare",1
"Paese-più-bello-del-mondo",1
"Due-più-due-fa-quattro",1
"marito-più-o-meno-collega",1
"massimo-che-di-più-non-si-può",1
"match-che-più-match-non-si-può",1
"media-con-il-rapporto-più-diretto-con-il-pubblico",1
"mega-discarica-che-non-doveva-mai-più-essere-aperta",1
"http://www.mondorosashokking.com/Festival-and-Co-/le-più-attese-dell",1
"meno-più-nobile",1
"meno-strafiga-magari-anche-solo-molto-molto-carina-ma-che-ci-tiene-più-a-non-fare-la-figura-dell",1
"meno-tecnico-più-politico",1
"mente-più-brillante-della-sinistra-mondiale-che-Blair-Clinton-Zapatero-gli-faNo-tre-seghe",1
"mente-più-brillante-della-sinistra-mondiale-che-Blair-Clinton-Zapatero-gli-fano-tre-seghe",1
"mercati-che-non-finanziano-più-il-debito",1
"http://www.mondorosashokking.com/MRBeauty/Pelle-più-bella-con-il-gommage/",1
"che-non-ricorda-più-nulla-del-suo-triste-passato",1
"mestieri-più-antichi-del-mondo",1
"metti-quante-più-funzioni-è-possibile",1
"mi-si-nota-di-più-se-vado-o-se-non-vado",1
"mi-sto-allargando-più-dell''Australia",1
"mi-vesto-alla-come-viene-più-o-meno",1
"miglioro-traggopiùsoddisfazione-miimpegnodipiù-ballodipiù",1
"http://www.mondorosashokking.com/Sport-in-Rosa/Milano--più-ombre-che-luci/",1
"minigonne-sempre-più-corte",1
"minuti-non-più-di-due",1
"moglie-non-più-moglie",1
"molto-più-a-lungo",1
"molto-più-che-sfiorati",1
"molto-più-che-trentasei",1
"molto-più-nord",1
"http://www.mondorosashokking.com/Un-pizzico-di--/S-cucina-light-più-facile-del-mondo-di-J-F--Mallet/",1
"che-più-americane-non-si-può",1
"Parco-recintato-più-grande-d''Europa",1
"molto-più-sfigato",1
"molto-più-vecchia",1
"mouse-non-più-mouse",1
"movimento-anarco-non-so-più-cosa-di-non-so-più-dove",1
"movimento-non-più-movimento",1
"movimento-più-fondazione-che-movimento",1
"mq-che-non-so-più-dove-mettere-la-roba",1
"ne-ha-più-ne-metta",1
"ne-so-una-più-di-tutti-e-voi-non-valete-un-cacchio",1
"neanche-più-di-tanto",1
"nemmeno-più-di-sinistra",1
"nemmeno-più-supportato",1
"nemmeno-più-tanto",1
"neofolk-lowfi-psychourban-e-chi-più-ne-ha-più-ne-metta",1
"nero-più-nero",1
"no-sono-io-più-avanzato",1
"http://www.morningstar.it/it/news/196276/falsi-miti-il-mattone-è-linvestimento-più-sicuro.aspx",1
"noir-che-fa-finalmente-chiarezza-sui-più-oscuri-misteri-d''Italia",1
"nome-privato-più-diffuso-al-mondo",1
"non-acquisto-più-fard",1
"non-ancora-vecchiaia-non-più-giovinezza",1
"non-avere-più-nulla",1
"non-avrai-più-tempo-per-te-stessa",1
"https://altraideadicitta.it/wp-content/uploads/2020/12/operatori-sociali-mai-più-passivi-1.pdf",1
"che-più-autoctona-non-si-può",1
"non-ci-sono-più-le-stagioni",1
"non-esistono-più-le-mezze-stagioni",1
"non-esser-più-in-grado-di-poter-fare",1
"non-esser-più-nel-mondo",1
"non-esser-più-qui",1
"non-esserci-più-nella-storia",1
"non-essere-più-in-vita",1
"https://it.quora.com/Qual-è-stata-la-scommessa-più-catastrofica-mai-presa/answer/Erik-Pillon",1
"https://www.aisoweb.com/single-post/2019/01/27/Rhein83Days-2019-più-opportunità-per-i-soci-AISO",1
"che-più-bianco-non-si-può",1
"Pasqua-quando-tutti-siamo-più-buoni",1
"E-chi-più-ne-ha-più-ne-metta",1
"<rifaciamo-gli-Arcade-Fire-più-arty>",1
"<a name=""cpn_10_più-o-meno-mi-barcameno"">",1
"non-essere-più-sopravvivendo",1
"non-fa-male-e-in-più-è-utile",1
"non-fanno-più-i-perclorati-di-una-volta",1
"non-farcela-mai-più-a-uscire",1
"non-guarderai-più-la-tele-il-tablet-ogni-qualsivoglia-schermo",1
"non-ha-più-nulla-da-chiedere-al-campionato",1
"non-ho-più-posto-in-casa",1
"non-ho-più-voglia-di-scrivere-così-li-faccio-morire-tutti",1
"non-interessarti-più-di",1
"non-mi-ricordo-più-a-che-ora-ma-siamo-vicini-alle-4:00-del-mattino",1
"non-mi-ricordo-più-chi-fosse-ieri-sera-ma-tu-che-mzienda-appena-posso-piergianluca-filippopaolomaria",1
"non-mi-sento-più-la-faccia",1
"non-paziente-che-non-trova-più-la-strada-del-prete",1
"non-più-Direttore-dei-Musei-Civici-di-Bassano",1
"non-più-Io",1
"non-più-Mini",1
"non-più-Porcellum",1
"non-più-Snow",1
"non-più-Vergine",1
"non-più-acerbe",1
"non-più-adolescente-da-non-troppo",1
"non-più-adolescenti",1
"non-più-adulti",1
"non-più-affidabile",1
"non-più-amico",1
"non-più-amore",1
"non-più-anomalo",1
"non-più-appartenenza",1
"https://www.associazionemagistrati.it/886/riforma-ntercettazioni,-lotta-al-crimine-più-difficile.htm",1
"non-più-arte",1
"non-più-attivo",1
"non-più-autori",1
"non-più-babbuina",1
"https://www.change.org/p/giuseppe-conte-stipendi-più-alti-per-gli-insegnanti",1
"che-più-esili-non-si-può",1
"https://www.etnavalleyblog.it/wp-content/uploads/2-quali-sono-le-spiagge-più-belle-della-Sicilia.jpg",1
"non-più-band",1
"non-più-barricadero",1
"https://www.foodagriculturerequirements.com/archivto-e-più-scadenze-risponde-l-avvocato-dario-dongo",1
"che-più-gastropastorale-di-così-non-si-può",1
"Pene-più-severe",1
"non-più-bici",1
"non-più-bidimensionale-e-non-ancora-tridimensionale",1
"non-più-bimba",1
"non-più-canoniche",1
"non-più-cavaliere",1
"non-più-che-disperati",1
"non-più-cinema",1
"non-più-cittadini",1
"non-più-cittadini-ma-sudditi-dei-mercati",1
"non-più-città",1
"non-più-comico",1
"non-più-comunista",1
"https://www.greatitalianfoodtrade.it/mercati/usa-eada-sotto-silenzio-il-più-grande-richiamo-del-2018",1
"https://www.radioglobo.it/wp-content/uploads/2017/Seno-più-grande-il-primo-desiderio-delle-donne.mp3",1
"che-più-gatto-non-si",1
"https://www.radioglobo.it/wp-content/uploads/2017/ezza-alla-radio-Labbra-come-renderle-più-belle.mp3",1
"non-più-così-giovani",1
"non-più-così-lamentosa",1
"non-più-così-lettrice",1
"non-più-così-piccolo",1
"non-più-così-poveri-e-non-più-così-svantaggiati",1
"non-più-così-recente",1
"non-più-così-tanto-cheap-quel",1
"https://www.radioglobo.it/wp-content/uploads/2018/2018-Bellezza-alla-radio-Ginocchia-più-piccole.mp3",1
"che-più-originale-non-si-può",1
"Perchè-sono-tutti-così-stupidi-da-infilarsi-nei-buchi-più-insulsi-per-poi-farsi-ammazzare",1
"E-più-vuol",1
"non-più-credente",1
"non-più-deficienti",1
"non-più-democratica",1
"non-più-destre-e-sinistre",1
"non-più-di-due-minuti-cadauna",1
"non-più-di-moda",1
"non-più-di-uso-comune",1
"non-più-di-venti-gradi",1
"non-più-dire",1
"non-più-dispersiva",1
"non-più-dream",1
"non-più-edipico",1
"non-più-elettori",1
"non-più-esistente",1
"non-più-esistenti",1
"non-più-esistenza",1
"non-più-essenziali",1
"non-più-essere",1
"non-più-estate",1
"non-più-estraneità",1
"non-più-facilmente-riconoscibile",1
"non-più-familiare",1
"non-più-fascisti",1
"non-più-felice",1
"non-più-fidanzate",1
"non-più-fidanzato",1
"non-più-fratello",1
"non-più-fresco",1
"non-più-fumo",1
"non-più-futura-nuora",1
"non-più-giovanissime",1
"https://www.radioglobo.it/wp-content/uploads/2018/adio-Lifting-ma-la-pelle-poi-invecchia-di-più-.mp3",1
"https://www.radioglobo.it/wp-content/uploads/2018/ezza-alla-radio-Classifica-dei-seni-più-belli-.mp3",1
"che-più-pop-non-si-può",1
"non-più-guinness",1
"non-più-ibrida",1
"non-più-illibatezza",1
"non-più-imperiale",1
"non-più-imputato",1
"non-più-in-nero",1
"non-più-in-vita",1
"non-più-incensurato",1
"non-più-incinta",1
"non-più-indie",1
"non-più-industriale",1
"non-più-intoccabile",1
"non-più-la-stessa",1
"non-più-libro",1
"https://www.radioglobo.it/wp-content/uploads/2018/llezza-alla-radio-Vip-chi-ha-il-seno-più-bello.mp3",1
"non-più-mai-vivibile",1
"non-più-malato-mentale",1
"non-più-maledetto",1
"non-più-mediato",1
"https://www.radioglobo.it/wp-content/uploads/2018/uglio-2018-Bellezza-alla-radio-Labbra-più-sexy.mp3",1
"che-più-splendido-non-si-può",1
"Pianeta-più-antimafioso",1
"non-più-monouso",1
"non-più-moribonda",1
"non-più-morte",1
"non-più-morti",1
"non-più-morto",1
"non-più-mura",1
"non-più-necessità-di-apprendere",1
"non-più-neutre",1
"non-più-nostri",1
"non-più-nuovi",1
"non-più-nuovo",1
"non-più-oltre",1
"palla-più-innoqua-del-mondo",1
"https://www.radioglobo.it/wp-content/uploads/2019/alla-radio-Gli-uomini-più-amati-dalle-italiane.mp3",1
"https://www.radioglobo.it/wp-content/uploads/2019/a-Carico-La-sorella-a-letto-con-uno-più-grande.mp3",1
"non-più-partiti",1
"non-più-pensante",1
"non-più-pensiero",1
"non-più-persona",1
"non-più-piccola",1
"non-più-piccoli",1
"non-più-piccolo",1
"non-più-piena",1
"non-più-pischella",1
"non-più-possibile",1
"non-più-precari",1
"non-più-prefetto",1
"non-più-presenza",1
"non-più-presidente",1
"non-più-problemi",1
"non-più-provincia",1
"non-più-pubblica",1
"non-più-ragazzi",1
"non-più-ragazzotto",1
"non-più-ragionante",1
"non-più-realizzato",1
"non-più-renziano",1
"non-più-risolvibile",1
"non-più-sapere",1
"non-più-sbatacchiati",1
"non-più-schiavi",1
"non-più-segretario-che-però-decide-ancora-tutto",1
"https://www.radioglobo.it/wp-content/uploads/2019/nalis-sempre-più-in-forma-e-sempre-più-giovane.mp3",1
"non-più-sete",1
"non-più-sindacato",1
"https://www.softairmania.it/threads/292395-Batteria-Lipo-più-sottile",1
"che-più-tradizionali-non-si-può",1
"che-più-tenero-non-si-può",1
"ERM-più-mobilità-dei-capitali",1
"<uno-o-più-spazi-o-tabulazioni>",1
"non-più-soggetti",1
"non-più-sognatore",1
"non-più-solo",1
"non-più-solo-dello-Stato",1
"non-più-solo-immagini",1
"non-più-solo-stoner",1
"non-più-spazi",1
"non-più-spazzatura",1
"non-più-sperimentale",1
"non-più-stranieri",1
"non-più-studenti",1
"non-più-tanto-automobile",1
"non-più-tanto-eroi",1
"https://www.softairmania.it/threads/292761-Pistola-a-gas-che-spara-più-forte-di-una-co2",1
"i-lavori-che-gli-italiani-non-vogliono-più-fare",1
"che-porta-più-benessere-a-tutti",1
"non-più-tanto-giovani-ma-col-cazzo-che-ci-chiamate-vecchi",1
"non-più-tanto-grosso",1
"non-più-tanto-misterioso",1
"i-meno-si-vede-il-più-si-ottiene-thriller",1
"non-più-tanto-selvaggio",1
"non-più-tanto-sgradito",1
"non-più-tanto-un-ragazzo",1
"non-più-teen-agers",1
"non-più-teenager",1
"i-paesi-più-avanzati-di-noi",1
"che-sono-più-non-un-po",1
"Più-il-piatto-è-semplice-più-richiede-ingredienti-di",1
"non-più-tonale",1
"non-più-tranquilla",1
"non-più-umana",1
"il-Sud-era-molto-più-avanzato-del-Nord-all''unificazione",1
"il-libro-che-venderà-più-di",1
"che-è-più-non-un-po",1
"il-mezzo-italiano-e-perdipiù-marsigliese",1
"il-mezzo-italiano-perdipiù-marsigliese",1
"chenonmiparlapiù-tuo",1
"Prato-più-Firenze",1
"Eparina-più-Eptifibatide",1
"non-più-vergine",1
"più-55.1",1
"il-momento-più-bello-della-mia-non-esistenza",1
"il-mio-cane-è-il-più-tranquilo-del-mondo",1
"non-poter-più-essere",1
"non-poter-più-sperare",1
"non-poter-più-trovare",1
"non-poter-più-vivere",1
"non-può-più-essere-ricreata",1
"non-qui-ti-sposto-più-in-là",1
"non-resterai-più-solo",1
"non-ricordo-più-che",1
"non-ricordo-più-che-cosa",1
"non-ricordo-più-chi",1
"non-ritornare-più-di-una-volta",1
"non-sapere-più-nulla",1
"non-si-capisce-più-niente",1
"non-si-può-più-guardare-altrove",1
"non-si-ricordava-più-cosa",1
"non-si-sa-più-bene-cosa",1
"non-si-è-mai-capito-bene-cosa-forse-più-che-amico",1
"non-si-è-più-saputo-nulla",1
"non-so-più-a-che-numero-stiamo",1
"non-so-più-che-numero",1
"non-so-più-come-chiamarli",1
"non-so-più-cosa-voglio-ma-ti-cerco-ma-anche-l''altro-ma-chissà",1
"il-più-bello-d''Italia",1
"non-so-più-quanti-sono",1
"non-solo-più-duo",1
"non-sono-più-quelli-d''una-volta",1
"non-sopporto-più-assolutamente-la-patina-burrosa-sul-mio-palato",1
"non-starò-mai-più-con-nessuno",1
"non-ti-amo-più-addio",1
"non-troppo-più-umana",1
"non-uscirò-mai-più-di-casa",1
"non-v''è-nulla-di-più-ingiusto",1
"non-ve-l''avevo-sempre-detto-che-la-corsa-è-più-dura",1
"non-voler-più-nulla",1
"non-è-più-con-noi",1
"non-è-più-quel-che-era",1
"nonpiù-vivi",1
"nulla-sia-più-come-prima",1
"num-parole-frase-più-lunga",1
"o-dire-che-è-più-bello-di-NM-perché",1
"il-più-grande-centro-enogastronomico-del-mondo",1
"chi-ce-l''ha-più-grosso",1
"chi-attira-di-più-l''attenzione",1
"odio-i-sanguesporco-più-del-ciclo-mestruale-di-mia-madre",1
"ora-non-più-così-stranieri",1
"ora-non-più-presente",1
"ora-più-intimo",1
"ore-più-oscure-della-nostra",1
"organismo-più-l''ambiente",1
"ormai-non-più-amante",1
"ormai-non-più-duo",1
"ormai-non-più-giovane",1
"ormai-non-più-giovani",1
"ormai-non-più-neonata",1
"ormai-più-così-rari",1
"ormai-sempre-più-alpinisti",1
"ovvio-che-più-ovvio-non",1
"padre-più-padre",1
"partito-più-partito",1
"pazzo-più-pazzo-del-west",1
"pd-più-stelle",1
"per-il-più-parte",1
"perchè-devi-andare-nella-banca-più-vicina-a-te",1
"perché-io-sono-più-furbo-di-tutti",1
"perché-sono-la-più-fica-del-reame",1
"perdipiù-più",1
"piacevolissima-e-chi-più-ne-ha-più-ne-metta",1
"pianeta-non-più-pianeta",1
"pianeta-più-legale",1
"pianeta-più-mafioso",1
"piante-più-design",1
"piatto-più-amato-da-tutto-il-mondo",1
"piccola-ma-neanche-più-tanto-piccola",1
"piccoli-non-più-piccoli",1
"pidì-più-o-meno-elle",1
"piloti-più-bravi-del-mondo",1
"più--1",1
"più--Nick1915",1
"più-0.2",1
"più-2005",1
"immagine-più-che-immagine",1
"più-AH",1
"più-Bernabè",1
"più-Brindisi",1
"più-Che",1
"più-Cinque",1
"più-Classe",1
"più-Consigliata",1
"più-Dedoni",1
"più-E",1
"impegni-sempre-di-corsa-ora-non-posso-ti-chiamo-più-tardi",1
"chi-ce-l''ha-più-lungo",1
"più-Francescani",1
"più-ForzaItalia",1
"in-più-di-senso",1
"più-Ho",1
"più-I",1
"in-più-mondi",1
"chi-crede-di-più-in-Dio",1
"Pulcina-che-più-Pulcina-non-si-può",1
"Principe-ancora-più-giovane",1
"Agnes-con-più-tette-che-anima",1
"30e-200-000-volte-più-luminosa-del-Sole&referrerid=0",1
"28va-alla-deriva-sempre-più-velocemente&referrerid=0",1
"più-INR",1
"più-L''Italia",1
"in-uno-o-più-dei-nostri-studi-clinici-dice-moderna",1
"più-L''epilogo",1
"più-La",1
"incontro-più-conferenza-stampa",1
"chi-fa-più-staffette",1
"più-Lista",1
"più-Ma",1
"infallibile-super-pilota-fenomeno-prossimo-8-voltenche-il-più-figo-social-buono-e-cristiano-di-tutti",1
"più-Mina",1
"più-NdKaka",1
"infanzia-che-più-non-torna",1
"chi-la-sparapiù-grossa",1
"RPM=regione-più-mafi0sa",1
"più-Non",1
"più-ONLUS",1
"informazione-sempre-più-rarefatta",1
"più-Quando",1
"inglesi-che-più-inglesi-non-si-può",1
"chi-ne-sa-più-di-me",1
"più-Questo",1
"più-Ride",1
"iniziative-che-nascono-sui-blog-e-sono-indipendenti-e-spesso-più-fighe-di-quelle-ufficiali",1
"più-Sel",1
"più-Sono",1
"internazionalista-puro-che-più-puro-non-si-può",1
"chi-non-è-più-con-noi",1
"Re-non-più-re",1
"Farepiù-Intercral",1
"più-Toti",1
"più-Specchiasol",1
"più-Treviso",1
"più-Una",1
"inutilizzato-da-più-di-un-anno-e-comunque-anche-prima-molto-poco-Move-con-Nunch",1
"inutile-che-più-inutile-non-si-può",1
"più-a-più",1
"inventato-di-sana-pianta-perché-non-sapevano-più-come-cacchio-proseguire-LOL",1
"più-a-uno",1
"più-abile",1
"io-ce-l''ho-più-lungo",1
"chi-più-ne-ha-ne-metta",1
"chi-più-e-chi-meno",1
"più-aggiunge",1
"più-ad",1
"più-ahimè-riemergere",1
"io-con-la-telecom-c''ho-più-niente-a-che-fare",1
"io-che-recito-la-parte-più-brutta-e-ci-rimango-intrappolata",1
"più-ai",1
"più-alte-intelligenze",1
"io-di-coglioni-ne-ho-più-di-voi",1
"più-amati",1
"chi-più-spende-meno-spende",1
"Sin-che-non-è-più-la-regina-del-Mercato",1
"Ferrero-Vendola-Diliberto-chi-più-ne-ha-più-ne-metta",1
"Aldilà-che-più-in-là-non-si-va",1
"più-anni",1
"più-anni-80-degli-anni-80",1
"io-son-più-bello-di-te",1
"io-non-sono-più-mia",1
"più-approssimativa",1
"più-anonima-di-così-non-si-potrebbe",1
"più-appunto-noise",1
"io-sono-più-bravo-di-te",1
"io-sono-più-avanzato-di-te",1
"chi-è-più-bravo-di-chi",1
"più-autenticamente-se-stessa",1
"più-auto",1
"ipotesi-più-probabili-di-altre",1
"più-avanti",1
"più-avanzata",1
"isole-greche-più-turistiche-di-tutte",1
"chi-è-più-cattolico-di-chi",1
"più-avere",1
"più-avendo",1
"più-aveva",1
"più-azione-meno-pippe",1
"la-consulente-del-riordino-più-famosa-del-mondo",1
"italiano-più-furbo-degli-altri",1
"Sorriso-più-Affascinante",1
"Sono-più-figo-di-te",1
"più-barbara",1
"più-bella-del-mondo",1
"la-cosa-buona-e-più-sana-per-eccellenza-per-i-bimbi",1
"più-bello-del-mondo",1
"più-bello-non-si-può",1
"la-costituzione-più-bella-del-mondo",1
"chippiù-chimmeno",1
"più-benigna",1
"più-bisogna",1
"la-finta-destrorsa-che-si-svela-poi-tollerante-interlocutrice-e-anzi-quasi-quasi-sembra-più-di",1
"più-cadute",1
"la-legge-più-cretina-che-ci-sia",1
"ci-butto-dentro-più-note-che-posso-nel-minor-tempo",1
"Tahrir-non-più-a-Tahrir",1
"più-calare",1
"più-care",1
"la-mia-bandiera-é-più-bella-della-tua",1
"più-cercato",1
"la-più-bella",1
"ci-vuole-più-Europa",1
"più-che-Altro",1
"la-più-grande-campagna-acquisti-del-mondo-è-una-sòla",1
"più-che-a-sufficienza",1
"più-che-adulto",1
"la-più-grande-trollata",1
