"sempre-verde",62
"http://www.coffeenews.it/legge-122-del-30-luglio-2ornamento-del-catasto-planimetrie-sempre-in-regola",48
"sempre-presente",40
"sempre-già",31
"sempre-in-piedi",26
"sempre-verdi",22
"sempre-sempre",22
"ex-e-sempre-comunisti",19
"sempre-uguale",18
"sempre-esistente",13
"http://www.ciclistidasempre.it/article-ciclista-da-sempre-73627950.html",12
"sempre-crescente",12
"esser-sempre-mio",10
"sempre-giovane",9
"sempre-e-comunque",8
"sempre-presenti",7
"https://www.guidaestetica.it/forum/come-eliminare-per-sempre-le-cicatrici-da-acne-5168",6
"sempre-vergine",6
"essere-sempre-in-vista-dell''essere",6
"sempre-eguale",5
"sempre-pieno",5
"sempre-nuovo",5
"sempre-sempre-sempre",5
"sempre-sorridente",5
"Ercolino-sempre-in-piedi",5
"sempre-e",4
"http://www.losai.eu/sempre-piu-praticato-con-gli-animali-perche/",4
"sempre-nuova",4
"sempre-connesso",4
"ragazzini-sempre-più-bambini",4
"sempre-aperto",4
"http://www.coffeenews.it/legge-122-del-30-luglio-2rnamento-del-catasto-planimetrie-sempre-in-regola",4
"sempre-vivo",4
"sempre-sia-lodato",4
"Banca-sempre-al-suo-servizio",4
"sempre-connessi",4
"sempre-valido",3
"https://www.medicitalia.it/blog/psicologia/4697-matrimoni-senza-sesso-sempre-di-piu-perche.html",3
"sempre-e-ovunque",3
"sempre-più",3
"sempre-nella",3
"sempre-vivente",3
"sempre-citato",3
"sempre-e-solo",3
"sempre-uguali",3
"sempre-bambini",3
"single-sempre-single",3
"https://www.coffeenews.it/legge-122-del-30-luglio-ornamento-del-catasto-planimetrie-sempre-in-regola",3
"sempre-mutevole",3
"sempre-sia-lodata",3
"sempre-giovani",3
"I-sempre-destra",3
"sempre-cosciente",3
"sempre-accesa",3
"sempre-ma",3
"sempre-pronti",3
"sempre-in-campo",2
"http://www.ilgiornale.it/news/governo-letta-sempre-pi-bilico-alfano-no-canne-e-matrimoni-981262.html",2
"http://www.ccpo.it/comunita/montenovonostro/42209-vetere-fischi-per-fiaschi-sempre-cosi-fanno-loro",2
"https://www.paolotitta.it/post/453/1/riformare-il-estione-di-rifiuti-una-sfida-sempre-piu-impellente",2
"https://www.notizienazionali.it/notizie/attualita/en-la-predica-abbiamo-sempre-degni-rappresentanti-",2
"sempre-giovane-vice-presidentessa",2
"sempre-vivi",2
"https://www.la7.it/piazzapulita/video/davigo-lerrore-sempre-aspettiamo-le-sentenze-29-05-2020-327607",2
"l-erba-di-casa-e-sempre-piu",2
"https://www.italiacircolare.it/it-it/covid-e-sostedegli-italiani-comportamenti-sempre-piu-green.aspx",2
"sempre-felice",2
"sempre-amata",2
"https://www.bitcity.it/news/36826/italiani-pronti-er-ricevere-offerte-sempre-piu-personalizzate.html",2
"https://www.bitcity.it/news/36830/sicurezza-e-privnline-utenti-sempre-piu-attenti-e-consapevoli.html",2
"sempre-a-me-cara",2
"sempre-ben-informato",2
"Pasta-sempre-al-Dente",2
"sempre-di",2
"sempre-friendly",2
"sempre-in-ascolto",2
"si-è-sempre-fatto-così",2
"https://www.upgate.it/it-it/un-budget-europeo-sempre-piu-verde.aspx",2
"http://www.coriv.org/news/una-madre-sempre-piu-disorientata/",2
"Banca-sempre-al-tuo-servizio",2
"http://www.tuttononprofit.com/2015/03/il-presidenti-una-associazione-non-e-sempre-responsabile.html",2
"sempre-ha",2
"sempre-mutanti",2
"sempre-anche",2
"sempre-vivevamo",2
"sempre-viva",2
"sempre-spesso",2
"essere-sempre-connesso",2
"https://www.libroco.it/dl/Bruno-Barbieri/Rizzoli/9-un-cuoco-sempre-in-viaggio/cw818282728123563.html",2
"sempre-beato",2
"essere-sempre-in-vista-della-physis-sublyme",2
"http://paolodarpini.blogspot.it/2016/01/musulmani-per-sempre-lintegrazione-e.html",2
"essere-sempre-in-vista-della-transcendenza",2
"http://www.cucchiaio.it/articolo/giornata-mondialeimentazione-verso-un-mondo-sempre-piu-sostenibile/",2
"http://www.edulingualab.org/didattica/motivati-sempre-di-piu/feed/",2
"https://www.vincenzocimini.it/post/468/1/forum-confo-sempre-piu-leader-della-trasformazione-digitale",2
"http://de.feedbooks.com/item/2869152/sei-sempre-al-cellulare",2
"sempre-avanti",2
"dialogo-sempre-e",2
"http://it.feedbooks.com/item/1614455/per-sempre-con-me",2
"sempre-il",2
"sempre-fascisti",2
"sempre-mai",2
"sempre-più-progressivamente",2
"sempre-sul-pezzo",2
"https://www.corsofotografico.com/perche-scegliere-sempre-il-formato-raw-jpg/",2
"essere-sempre-giovane",2
"banca-sempre-al-suo-servizio",2
"essere-sempre-in-vista-dell''essere-sublyme",2
"essere-sempre-in-vista-dell''evento",2
"ex-e-sempre-comunista",2
"oggetto-sempre-presente",2
"ciò-che-è-sempre-stato",2
"Sono-sempre-occupato",2
"sempre-a",2
"http://www.feedbooks.com/item/275023/dove-%C3%A8-sempre-notte",2
"sempre-amato",2
"http://www.ilmondodeitrasporti.com/news/aziende/INtiva-Vectron-DC-intesa-sempre-piu-forte-12338.html",2
"sempre-dalla",2
"discolo-sempre-in-movimento",2
"http://de.feedbooks.com/item/1863059/per-sempre-fenti-o-quasi",2
"sempre-e-già",2
"http://es.feedbooks.com/item/1614455/per-sempre-con-me",2
"sempre-essente",2
"sempre-giovine",2
"http://www.sergiobonelli.it/gallery/37606/Dragonero--sempre-piu--.html",2
"sempre-in-viaggio",2
"sempre-mutevoli",2
"sempre-falchi",2
"sempre-o",2
"sempre-ovunque",2
"sempre-pooh",2
"sempre-vero",2
"sempre-verginità",2
"sempre-solo",2
"banca-sempre-al-tuo-servizio",2
"http://es.feedbooks.com/item/2869152/sei-sempre-al-cellulare",2
"sempre-più-poveri",2
"sempre-rinascenti",2
"sempre-pronta",2
"essere-sempre-collocato",1
"essere-sempre-connessi",1
"aver-sempre-ragione",1
"http://paolodarpini.blogspot.it/2016/03/congruita-non-sempre-e-sinonimo-di.html",1
"essere-sempre-esistite",1
"babbeipersempre-17.42",1
"Helga-che-sempre-scrive",1
"http://rapportoaureo.wordpress.com/2012/03/13/eurorriva-la-conferma-dellue-ci-hanno-sempre-truffato",1
"http://retedellereti.blogspot.com/2011/11/regione-puglia-scandalosa-sempre-pronta.html",1
"essere-sempre-forte",1
"http://riciclaggiodellamemoria.blogspot.com/2014/01/la-coscienza-e-sempre-sola-in-se-stessa.html",1
"http://riciclaggiodellamemoria.blogspot.it/2014/01/la-coscienza-e-sempre-sola-in-se-stessa.html",1
"http://ricerca.repubblica.it/repubblica/archivio/rragione-non-genera-sempre-mostri46.html",1
"babbeipersempre-Lun",1
"Bruxelles-ha-sempre-ragione",1
"http://sociale.regione.emilia-romagna.it/carcere/tontariato/cittadini-sempre-nove-azioni-progettuali",1
"http://sociale.regione.emilia-romagna.it/notizie/2l-welfare-201cinvisibile201d-sempre-piu-importante",1
"http://showdellatorta.blogspot.com/2011/04/la-regina-del-mio-blog-sara-sempre-lei.html",1
"http://statistica.regione.emilia-romagna.it/notizie/2018/di-politica-si-parla-sempre-meno",1
"essere-sempre-presente",1
"boccaloni-vota-la-mmerda-sempre-e-comunque",1
"Il-mio-unico-desiderio-prima-di-andare-all''altro-mondo-è-quello-di-vederti-con-un-bel-marito-accanto-non-sempre-sola-con-i-tuoi-gatti",1
"essere-sempre-sfolgorante",1
"essere-sempre-sul-pezzo",1
"caldo-sempre-più-caldo",1
"essere-sublyme-sempre-in-vista-dell''essere",1
"esseri-sempre-in-bilico",1
"capo-che-ha-sempre-ragione",1
"Katy-non-so-cosa-fare-e-fingo-sempre-di-non-conoscere-i-miei-sentimenti-Swarz",1
"Colui-che-deve-essere-per-sempre-celebrato",1
"6324-sempre-lei&referrerid=0",1
"eterno-sempre-uguale",1
"http://university.it/index.php/i-10-motivi-per-cui-un-italiano-sopravvivera-sempre-allestero",1
"cara-Angela-abbiamo-pur-votato-Junker-ma-tifiamo-sempre-per-te-quindi-non-ci-abbandonare",1
"http://video.corriere.it/pasta-non-sempre-parla-it8",1
"ex-postini-sempre-in-mutua",1
"cattivo-che-non-solo-non-diventa-buono-ma-diventa-sempre-più-sadico",1
"Lazzaro-gesù-sempre-più-messia-sacerdotale-soter-salvatore",1
"ex-sempre-ragazzo-con-orecchino",1
"fa-e-ha-sempre-fatto",1
"cellulare-smartphone-ultima-generazione-sempre-connesso-con-piano-dati-ultra-avveniristico-che",1
"fa-sempre-di-meno",1
"faccio-comunque-sempre-a-modo-mio",1
"che-avete-sempre-voluto-nel-vostro-lettore-ma-di-cui-non-avete-mai-saputo-il-titolo",1
"Lega-sempre-più-nord",1
"Colui-che-sempre-ritorna",1
"fatto...iolecalvigioni.iobloggo.com/687/sempre-di-corsa/&y=2013&m=12",1
"felicità-sempre-presente",1
"che-barba-che-noia-sempre-io-e-te-te-e-io",1
"fuoco-sempre-acceso",1
"furbi-troppo-furbi-che-ridono-sempre-dei-fes",1
"che-noi-prendiamo-sempre-il-peggio",1
"Matteo-sempre-perfetto",1
"g...%20%23iorestoacasa%2c%20%23incontriamociinsicurezza%2c%20%40PiccoleTras%2c%20%40IlPiccole%2c%20%40ITrasgressivi&&url=https://www.ascolipicenotrasgressiva.it/racconti-equella-porca-che-andava-sempre-al-sexy-shop_13970",1
"galattico-sempre-imbronciato",1
"che-si-è-sempre-fatto",1
"gay-è-sempre-bello",1
"giovani-sempre-connessi",1
"che-so-sempre-tutto-io",1
"Modernità-che-è-sempre-ed-assolutamente-buona",1
"Come-La-Vita-Sarà-Da-Ora-In-Poi-Sempre-Nel-Persempre-Amen",1
"Alfonso-sempre-assolto",1
"13-10-17/vendere-cinesi-sito-sempre-185848.php",1
"giu-quello-li-che-scrive-sempre-comment-lunghissimi-mamma-mia-ma",1
"giustizia-totalmente-seria-ma-sempre-ridente",1
"che-è-sempre-diverso-e-non-si-può-fare-certi-paragoni",1
"già-sempre-avvenuta",1
"già-sempre-là",1
"cicciobello-sempre-in-piedi",1
"Ostia&c=&u=http://www.zerodigitaldivide.it/news/sempre-pi%C3%nda-larga-anche-canale-dei-pescatori-ostia&l=1",1
"http://www.cilieginasullatorta.it/2011/05/e-sempre-lora-del-te.html",1
"gli-italiani-seguono-sempre-meno-la-dieta-mediterranea",1
"gli-eroi-più-migliori-di-sempre-del-momento",1
"http://www.circolovegetarianocalcata.it/2013/05/05sempre-di-debito-pubblico-ma-chi-sono-i-creditori",1
"ha-sempre-ragione",1
"ha-sempre-la-stessa-faccia",1
"collega-di-forno-sempre-acceso",1
"Come-essere-felici-per-sempre-con",1
"ha-sempre-tra-i-piedi-quella-Tardona-dell''Amante",1
"ho-sempre-avuto-un-fetish-per-i-ragazzi-ricchi-di",1
"come-aveva-sempre-pensato",1
"ho-sempre-ragione-io",1
"http://alberodimaggio.blogspot.com/2009/11/lho-sempre-detto-io.html",1
"come-sempre-sarà",1
"Responseshttps%3A%2F%2Fwww.giovy.it%2F2009%2F02%2F09%2Fquando-si-arriva-al-fondo-del-barile-si-puo-sempre-iniziare-a-scavare%2FQuando+si+arriva+al+fondo+del+barile...+si+pu%C3%B2+sempre+iniziare+a+scavare2009-02-09+07%3A45%3A19Giovyhttp%3A%2F%2Fwww.giovy.it%2F%3Fp%3D2790",1
"http://altracalcata-altromondo.blogspot.com/2018/07/tivvu-sinistra-e-sempre-piu-stupefacente.html",1
"http://altracalcata-altromondo.blogspot.it/2014/06/ucraina-il-colpevole-e-sempre-e-solo.html",1
"coministi-ex-e-sempre-comunisti",1
"http://altracalcata-altromondo.blogspot.it/2015/08/un-facebook-e-per-sempre-selfie-selfie.html",1
"http://altracalcata-altromondo.blogspot.it/2016/09/domenica-e-sempre-domenica-soprattutto.html",1
"compagno-sempre-in-prima-fila",1
"Sanremo-è-sempre-sanremo",1
"Craig-sto-sempre-sulle-mie",1
"Amore-sempre-più-grande",1
"http://www.coriv.org/news/una-madre-sempre-piu-disorientata/feed/",1
"http://amicomario.blogspot.com/2016/09/robot-sempre-piu-umani-ora-sono-anche.html",1
"http://amichecuoche.blogspot.com/2011/06/lora-del-te-sempre-per-noi.html",1
"http://anglotedesco.myblog.it/archive/2013/02/11/i-63-delle-aziende-sempre-il-solito-italiano.html",1
"http://anglotedesco.myblog.it/archive/2013/06/19/a-berlusconi-ha-sempre-obbedito-alle-richieste.html",1
"comunque-vada-ho-sempre-ragione-io",1
"compra-sempre-nuovo-per-fare-profitto",1
"http://www.dirittobancario.it/giurisprudenza/derivounter-sono-sempre-contratti-con-causa-di-scommes.",1
"http://arbanelladibasilico.blogspot.com/2011/07/un-classico-sempre-attuale.html",1
"http://arbanelladibasilico.blogspot.com/2011/06/sempre-problemi.html",1
"http://attualissimo.it/le-5-morti-piu-bizzarre-di-sempre-di-persone-importanti/2",1
"http://bioregionalismo-treia.blogspot.com/2011/09/franco-farina-sei-sempre-tu-che-crei.html",1
"conta-sempre-su-di-me-io-ci-sono",1
"conferma-dellue-ci-hanno-sempre-truffato",1
"Selene-sempre-mega-curiosa",1
"http://paolodarpini.blogspot.com/2018/09/i-popoli-diventano-sempre-piu.html",1
"http://paolodarpini.blogspot.it/2013/07/ambiente-e-salute-un-legame-sempre-piu_2782.html",1
"http://paolodarpini.blogspot.it/2015/12/montenegro-sempre-piu-negro-entra-al.html",1
"https://www.barinedita.it/reportage/n4107-bari--laco-2-giugno-aperto-per-sempre-in-un-giorno-di-neve",1
"http://paolodarpini.blogspot.it/2018/01/sempre-piu-vicini-alla-clonazione-umana.html",1
"http://pecciola.com/2010/01/velocit-di-caricamentooogle-fattore-di-ranking-sempre-pi-importante.html",1
"http://petrolitico.blogspot.com/2011/04/giappone-sempre-peggio.html",1
"https://www.deutsche-bank.it/db-Magazine/la-TV-del-futuro-e-sempre-piu-online.html",1
"http://redhead-blondie.blogspot.it/2013/09/sempre-te-per-sempre.html",1
"https://www.fastweb.it/smartphone-e-gadget/da-volu-olografici-stanno-diventando-sempre-piu-popolari/",1
"http://retedellereti.blogspot.it/2015/03/come-mantenere-le-strade-sempre-pulite.html",1
"https://www.fastweb.it/web-e-digital/apple-sempre-ata-alla-nostra-salute-con-il-nuovo-apple-watch-5",1
"https://www.fastweb.it/web-e-digital/jeff-bezos-punta-sempre-di-piu-sulla-conquista-dello-spazio/",1
"https://www.fastweb.it/web-e-digital/unroll-me-il-servizio-che-libera-per-sempre-dalle-newsletter/",1
"http://sapereeundovere.it/euro-arriva-la-conferma-dellue-ci-hanno-sempre-truffato/",1
"https://www.ilfattoquotidiano.it/2017/12/21/fedelii-sempre-ecco-la-nuova-perla-grammaticale/4053225",1
"https://www.ilfattoquotidiano.it/2018/04/28/in-edii-renziani-e-sempre-meglio-il-delinquente/4321677",1
"https://www.ilsicilia.it/strage-di-capaci-lasael-comuni-da-sempre-impegnati-contro-lillegalita/",1
"http://sollevazione.blogspot.it/2015/01/quantitative-easing-sempre-di.html",1
"https://www.italiacircolare.it/it-it/lenergia-sostile-di-liquigas-sempre-piu-verso-il-circolare.aspx",1
"http://sulatestagiannilannes.blogspot.it/2013/05/italia-sempre-piu-terremoti-artificiali.html",1
"http://teatritaliano.altervista.org/enza-sempre-in-bianco-teatro-millelire-roma/",1
"http://temi.repubblica.it/micromega-online/europa-tedesca-sempre-piu-irriformabile",1
"http://terrarealtime.blogspot.it/2014/04/lassassino-torna-sempre-sul-luogo-del.html",1
"http://tv.fanpage.it/david-letterman-in-pensione-cambia-look-la-barba-e-sempre-piu-lunga/p1",1
"http://tv.quattroruote.it/eventi/ginevra-2017/video/la-yaris-pi-pepata-di-sempre-a-ginevra-2017",1
"http://tv.quattroruote.it/le-prove-di-quattroruote/video/volvo-xc60-sempre-pi-attenta-alla-sicurezza",1
"http://tv.quattroruote.it/le-prove-di-quattroruoteed-la-nostra-prova-della-coreana-sempre-pi-europea",1
"http://tv.quattroruote.it/le-prove-di-quattroruoteu-strada/video/honda-cr-v-punta-sempre-allo-spazio",1
"http://tv.quattroruote.it/le-prove-di-quattroruotever-pi-potente-di-sempre-la-range-rover-sport-svr-",1
"http://tv.quattroruote.it/le-prove-di-quattroruotey-5-da-sempre-lussuosa-ora-anche-super-tecnologica",1
"http://tv.quattroruote.it/mondo-q/mondo-auto/videoicoloso-di-sempre-con-la-mini-nei-paesi-dei-narcos",1
"http://tv.quattroruote.it/news/video/nuova-dacia-duster-meno-spartana-ma-sempre-low-cost",1
"https://www.pressenza.com/it/2017/10/alla-fiera-delle-follie-nucleari-mondo-sempre-meno-sicuro",1
"http://unpodibricioleincucina.blogspot.it/2012/11/ce-sempre-tempo-per-una-fetta-di-torta.html",1
"https://www.radioglobo.it/wp-content/uploads/2018/18-Bellezza-alla-radio-Uomini-sempre-piu-belli.mp3",1
"http://video.repubblica.it/edizione/roma/roma-sciouti-in-strada-i-romani-e-sempre-cosi/241453/241427",1
"http://video.repubblica.it/mondo/e-lo-spot-piu-razsempre--la-pepsi-deve-chiedere-cusa/127203/125705",1
"http://video.repubblica.it/spettacoli-e-cultura/j--fa-sempre-ridere-come-una-scoreggia/213258/212433",1
"http://vitoiuvara.com/2016/01/27/la-borsa-va-sempre-su",1
"http://vocidallestero.it/2016/06/07/aep-lunione-europea-e-sempre-stata-un-progetto-della-cia",1
"http://www.3bmeteo.com/giornale-meteo/astronomia--scoperta-la-galassia-piu--lontana-di-sempre-59328",1
"http://www.aamterranuova.it/Blog/Riconoscersi-in-cio-che-e/La-Terra-e-come-una-sempre-giovane-sposa",1
"http://www.adrianopalozzi.it/rassegna-stampa/post/esquilino-roma-e-sempre-piu-terra-di-nessuno/",1
"http://www.adrianopalozzi.it/rassegna-stampa/post/fiuti-realta-sempre-piu-allarmante-e-raggi-inerme/",1
"http://www.adrianopalozzi.it/rassegna-stampa/post/rom-sempre-terre-di-anarchia-procedere-a-chiusura/",1
"http://www.agcm.it/stampa/comunicati/8853-antitrusbblicit%C3%A0-deve-essere-sempre-trasparente.html",1
"http://www.amazon.it/Quasi-sempre-ottobre-Serial-K=UTF8&qid=1396865384&sr=1-9&keywords=delos+digital",1
"http://www.amazon.it/Romani-sempre-Splendori-misteri-della/dp/8894118207",1
"http://www.amicoassicuratore.it/fermo-tecnico-lo-puoi-sempre-richiedere-in-caso-di-sinistro/",1
"http://www.ansa.it/europa/notizie/rubriche/economiici-sempre-piu-urgente-regolamento-Ue_7800162.html",1
"http://www.arcigay.it/amore-vince-sempre-su-odio",1
"http://www.asianews.it/notizie-it/Benedetto-XVI:-a2%80%9Csempre-e-dovunque%E2%80%9D-il-Vangelo-19697",1
"http://www.atleticalive.it/40731/paissan-5-allievo-di-sempre-nei-200-video-e-ianes-10-all-time",1
"http://www.autoblog.it/post/12506/dodge-viper-sempre-piu-probabile-il-pensionamento",1
"http://www.automamarketing.com/2010/01/la-rete-e-sempre-piu-mobile-non-rimaniamo-fermi",1
"http://www.autostima.net/raccomanda/in-forma-per-sempre-valter-romani-silvia-costantini/",1
"http://www.bambinipiu.it/tuo-figlio-vuol-stare-sempre-in-piedi/",1
"http://www.banknoise.com/2010/03/sempre-piu-over-5.html2010-08-06T17:06:58+02:00banknosie.comBanche",1
"http://www.banknoise.com/2010/10/cina-sempre-pi-me.html2010-10-12T13:30:00+02:00banknosie.comBanche",1
"http://www.barinedita.it/bari-report-notizie/n3556o--negozi-e-supermercati-sprecano-sempre-meno-cibo",1
"http://www.bellacci.biz/2005/07/03/sempre-di-corsa",1
"http://www.blitzquotidiano.it/opinioni/alessandro-prof-sempre-congedo-la-preside-non-ci-sta-2618176",1
"http://www.blogeko.it/2010/c-zero-e-le-altre-lauto-non-e-sempre-ecologica-e-a-emissioni-zero-anzi",1
"http://www.borlandtalk.com/figlio-di-puttan-assassino-paolo-barrai-sempre-in-c-arcere-vt115404.html",1
"http://www.cardiodiabete-ts.it/news-eventi/news/20-tanto-o-poco-fa-sempre-bene-di-giorgio-faganello",1
"http://www.casa24.ilsole24ore.com/art/condominio/2tiche-obbligatorie-sempre-184930.php",1
"http://www.casagroup.it/home-staging-sempre-piu-usato-per-vendere-casa/",1
"http://www.ccpo.it/comunita/montenovonostro/42209-etere-fischi-per-fiaschi-sempre-cosi-fanno-loro",1
"non-ve-l''avevo-sempre-detto-che-la-corsa-è-più-dura",1
"http://www.cct-seecity.com/2013/10/milan-art-events-center-la-cina-e-sempre-piu-vicina",1
"oltranzismo-sempre-e-comunque",1
"ottantaquattrenne-sempre-sul-pezzo",1
"http://www.cinecittalucemagazine.it/video/social-film-festival-sempre-piu-giovani-e-piu-network/",1
"http://www.circolovegetarianocalcata.it/2012/02/24anthony-ceresa-quando-la-colpa-e-sempre-dellaltro",1
"paranoico-sempre-vigile",1
"http://www.circolovegetarianocalcata.it/2015/05/24-imperialista-il-nemico-e-sempre-nel-nostro-paese",1
"http://www.circolovegetarianocalcata.it/2015/10/25overni-sono-sempre-piu-forti-di-quale-maggioranza",1
"http://www.circolovegetarianocalcata.it/2016/01/19ele-sempre-piu-scoperto-nelle-sue-azioni-di-morte",1
"http://www.circolovegetarianocalcata.it/2016/09/25/c%E2%80%99e-sempre-un-parafulmine-per-il-potere",1
"http://www.circolovegetarianocalcata.it/2017/09/25no-primarie-e-primarie-ma-e-sempre-la-solita-sola",1
"http://www.circolovegetarianocalcata.it/2018/01/18visitato-la-storia-la-scrivono-sempre-i-vincitori",1
"http://www.circolovegetarianocalcata.it/2018/07/05/ue-in-declino-nato-sempre-piu-forte",1
"http://www.circolovegetarianocalcata.it/2018/09/25/sempre-tutti-in-ginocchio-dai-petromonarchi",1
"http://www.circolovegetarianocalcata.it/2019/03/01/casino-italia-alla-fine-vince-sempre-il-bancomat",1
"http://www.circolovegetarianocalcata.it/2019/03/25mani-per-sempre-ovvero-lintegrazione-al-contrario",1
"http://www.circolovegetarianocalcata.it/2019/04/20e-del-capitalismo-tornare-dove-sempre-siamo-stati",1
"http://www.circolovegetarianocalcata.it/2020/03/25-malattia-e-sempre-linterazione-di-varie-concause",1
"http://www.circolovegetarianocalcata.it/2020/10/01-e%e2%80%99-sempre-la-stessa-la-politica-italiana",1
"http://www.civonline.it/articolo/polo-universitario-una-realta-sempre-piu-radicata-sul-territorio",1
"http://www.coffeenews.it/il-direttore-lavori-e-sempre-responsabile-dei-difetti-dellopera",1
"http://www.coffeenews.it/legge-122-del-30-luglio-2atasto-planimetrie-sempre-in-regolaPrecedentemente",1
"ragazza-dallo-sguardo-sempre-intenso",1
"replicanti-sempre-connessi",1
"http://www.controlacrisi.org/notizia/Altro/2012/5/10-sperimentazione-animale-sempre-le-stesse-scuse",1
"roma.corriere.it/notizie/cronaca/19_ottobre_04/gabrielli-meno-reati-ma-sempre-piu-stranieri-commetterli-2e24d684-e699-11e9-9d63-abc92eac7ace.shtml",1
"sembra-che-io-non-capisca-un-cazzo-faccio-sempre-facce-tonte-ma-sono",1
"http://www.cormano5stelle.it/dallarch-favole-al-dott-gini-le-scelte-di-cormano-sono-sempre-vincenti",1
"http://www.corriere.it/ambiente/16_gennaio_20/2015-sempre-7c870f26-bf8e-11e5-b186-10a49a435f1d.shtml",1
"http://www.corrierecaraibi.com/RUBRICA_SPECIALE_URealist_101011_Vecchia-storia-sempre-attuale.htm",1
"http://www.cospe.org/news/freemalekadly-confermataerazione-sempre-piu-urgente-firmare-la-petizione/",1
"sempre-Ivana",1
"http://www.delosstore.it/ebook/45945/quasi-sempre-a-ottobre",1
"sempre-NO",1
"http://www.earthday.it/Energia/Irlanda-sempre-piu-verde.-Stop-agli-investimenti-in-fonti-fossili",1
"http://www.earthdayitalia.org/Alimentazione/Doggy-bag-sempre-piu-comune-domandarla-anche-in-Italia",1
"http://www.ecoblog.it/post/12056/sardegna-a-quirra-situazione-sempre-piu-allarmante",1
"sempre-a-chiodo",1
"http://www.elsitodesandro.com/pietro-mennea-il-mituera-a-correre-per-sempre-e-ancor-piu-velocemente/",1
"http://www.emanueleferrante.it/articolo/Google-Chrome-navigare-sempre-in-incognito/201.htm",1
"http://www.explore-europe.it/De-Mita-e-sempre-De-Mita-Anche-in",1
"http://www.fashionsmile.it/fashion-blogger/bikiniworld-sempre-estate/",1
"sempre-adamo",1
"http://bioregionalismo-treia.blogspot.it/2013/07/italia-sempre-piu-povera-ma-mario-mauro.html",1
"http://www.finanzainchiaro.it/borse-americane-sempre-piu-in-alto.html",1
"http://www.finzionimagazine.it/news/approfondimento-news/vivi-per-sempre-ray/",1
"http://blog.giallozafferano.it/cuinalory/la-mamma-e-sempre-la-mamma/",1
"corse-per-migliorare-sempre-piu",1
"http://www.fizz.it/home/articoli/2000/206-10-ragiorketing-culturale-e-sempre-piu-necessario-le-organ",1
"http://www.freeplaying.it/2015/08/30/email-sempre-soldi-agli-intermediari-sempre-meno-ai-produttori",1
"http://blog.giorgiocasiello.com/2015/05/xiaomi-yi-ecco-la-action-cam-che-avevi-sempre-desiderato",1
"http://www.freeplaying.it/2016/01/08/film-good-dinse-non-vanno-sempre-segno-secondo-il-miticodavide",1
"http://www.freeplaying.it/2016/09/08/meme-ps4-sempre-piu-potente",1
"http://blog.ilgiornale.it/locati/2019/01/27/vaccini-e-sempre-piu-urgente-una-risposta-politica",1
"corso-per-chi-non-ha-mai-fatto-danza-ma-avrebbe-sempre-sognato-farlo-però-purtroppo-in-casa-non-c''erano-soldi-per-pagarlo",1
"Team-sempre-e-solo-Jace-nel-cuore",1
"http://www.freeplaying.it/2017/04/14/nintendo-switmigliori-vendite-di-lancio-di-sempre-per-nintendo",1
"http://www.geapress.org/mare/pesca-di-frodo-parlane-una-aggressione-sempre-piu-selvaggia-foto/25520",1
"http://blog.leiweb.it/leitv/2011/09/07/giardinieri-in-affitto-non-li-hai-sempre-desiderati",1
"http://www.grandeoriente-democratico.com/Rito-Eurok-sempre-piu-supermassonici-e-sovranazionali.html",1
"http://www.gustavopiga.it/2013/bonanotte-popolo-i-trucchi-di-sempre-raddoppiati",1
"http://blog.messainlatino.it/2013/01/gesuiti-di-roma-sempre-piu-arroganti.html",1
"crederci-sempre-non-mollare-mai",1
"http://www.ilfattoquotidiano.it/2010/08/13/sempre-con-fiatla-tattica-del-nuovo-bonanni/50107",1
"http://www.ilfattoquotidiano.it/2012/02/28/formigo-memores-domini-sempre-stato-molto-vicino/194308",1
"http://blog.rodigarganico.info/2015/cultura/cagnano-sempre-piu-letteraria",1
"http://www.ilfattoquotidiano.it/2013/09/10/capolavsempre-tutto-per-colpa-di-mostra-inutile/707627",1
"http://www.ilfattoquotidiano.it/2015/07/08/politicpre-meno-ascoltata-sempre-piu-irrilevante/1854351",1
"http://blog.rodigarganico.info/2015/gargano/parco-del-gargano-sempre-piu-trasparente",1
"cresceresempre-e",1
"Tognolino-sempre-in-piedi",1
"Dio-sempre-con-noi",1
"Cristo-risorto-sempre-con-noi",1
"28va-alla-deriva-sempre-più-velocemente&referrerid=0",1
"...https://www.cittaceleste.it/notizie-lazio/notizie-r-sempre-con-noi/&c=16424656783918704613&mkt=it-it",1
"sempre-beivoti",1
"http://www.ilfattoquotidiano.it/2016/06/12/elezionhe-i-politici-dicono-sempre-di-aver-vinto/2821254",1
"http://www.ilfattoquotidiano.it/2015/10/11/renzi-ientino-era-sempre-qui-fatturavo-al-comune/2117153",1
"http://www.ilfattoquotidiano.it/2016/06/20/virginidel-marito-ti-proteggero-sempre-mi-manchi/2844404",1
"http://www.ilgiornale.it/news/cronache/perfetta-forversa-nel-cuore-trama-c-sempre-mamma-1130701.html",1
"http://blog.spaziogis.it/2012/07/12/una-puglia-sempre-piu-open-ora-anche-per-software-e-dati",1
"http://blog.rodigarganico.info/2016/turismo/mare-rodi-garganico-sempre-piu-blu",1
"sempre-casualmente-al",1
"http://www.ilgiornale.it/news/interni/morirono-lamnto-de-benedetti-indagato-trova-sempre-965496.html",1
"http://blog.spaziogis.it/2012/07/12/una-puglia-sempre-piu-open-ora-anche-per-software-e-dati/feed",1
"http://www.ilgiornale.it/news/siamo-tutti-po-psicolabili-donne-sempre-pi-1314141.html",1
"sempre-ci",1
"http://canottierichnusa.it/perchy-devo-sempre-fare-pipm-molto-di-notte.php",1
"da-sempre-legata",1
"da-rivedere-sempre-appena-possibile",1
"http://www.ilnuovoagricoltore.it/agricoltori-non-abbiate-paura-di-una-pac-sempre-piu-verde/",1
"http://www.ilquotidianodellazio.it/articoli/23676/i-ferrovia-roma-formia-napoli-sempre-piu-infernale",1
"http://cappuccinoandcornetto.blogspot.com/2010/09/la-crema-pasticcera-e-sempre-la-crema.html",1
"http://www.ilsole24ore.com/art/cultura/2012-02-11/galileo-sempre-riaperto-173828.shtml",1
"http://www.ilsole24ore.com/art/notizie/2013-10-30/i-stipendi-sempre-testa-143757.shtml",1
"http://chezdenci.blogspot.com/2010/03/rosse-sempre-loro.html",1
"da-sempre-uguale",1
"http://www.ilsole24ore.com/art/notizie/2014-12-05/d-sempre-piu-diviso-il-finale-partita-063736.shtml",1
"http://www.ilsole24ore.com/art/notizie/2018-08-31/la-e-sempre-l-anno-zero-121408.shtml",1
"http://coccoledirugiada.blogspot.it/2013/06/metti-sempre-la-cintura-quando-sei-in.html",1
"http://www.ilsole24ore.com/art/tecnologie/2013-03-22/scatti-sempre-social-202557.shtml",1
"http://www.ingenere.it/articoli/medicina-donne-sonosempre-piu",1
"http://compgroups.net/comp.lang.javascript/fa-perdere-sempre-tutti-i-risparmi-paolo/2016560",1
"deluse-sempre-e-comunque",1
"Tu-per-me-sei-sempre-l''unico",1
"Tra-50-metri-girate-a-sinistra-poi-sempre-dritto",1
"sempre-consapevole",1
"http://www.inmoto.it/2015/07/16/nel-futuro-sempre-scrambler",1
"http://www.ingenere.it/articoli/sempre-meno-mamme-sempre-meno-bambini",1
"http://www.lacucinaspontanea.com/2014/02/ce-sempre-una-prima-volta-strudel-alla.html",1
"http://www.laltrasciacca.it/2010/12/02/trivellazionotizie-positive-dal-mse-ma-stiamo-sempre-allerta",1
"http://cronacacriminale.tgcom24.it/2016/05/29/anchcomi-moglie-di-massimo-bossetti-sempre-nel-mirino",1
"http://contropiano.org/news/politica-news/2017/04/5/cagnolini-dellinformazione-sempre-tempo-091178",1
"http://www.lalumaca.org/stampa/archivio/10-anni-di-rifiuti-ma-son-sempre-meno",1
"http://www.lanuovabq.it/it/articoli-sud-sudan-sempre-peggiosi-arriva-ancheal-cannibalismo-14276.htm",1
"http://darlingmichele.wordpress.com/2013/01/19/finsessuale-il-pd-sempre-piu-vicino-a-casini-e-monti",1
"sempre-dc",1
"http://www.lavoce.info/archives/41738/sempre-meno-omicidi-in-Italia",1
"http://www.laprovinciadisondrio.it/stories/Cronacasempre-piu-cari-hanno-un-prezzo-record_1022907_11",1
"dialogare-sempre-e-comunque",1
"destra-sempre-nera",1
"sempre-demente",1
"http://www.libreriamalavasi.com/libri-antichi/19011-societa-ginnastica-educativa-sempre-avanti/29958",1
"http://www.legapallacanestro.com/costituito-il-trufosi-bianconeri-sempre-piu-coinvolti-nel-progetto/",1
"sempre-di-moda",1
"http://www.lider-lab.sssup.it/lider/it/odp/in-evide-il-biologico-e-sempre-un-danno-conseguenza.html",1
"http://www.libreriamalavasi.com/libri-antichi/sempre-piu-difficile-100-disegni/28333",1
"http://de.feedbooks.com/item/307757/per-sempre-giovane",1
"sempre-difesi",1
"http://www.linkiesta.it/it/article/2016/06/24/la-shilterra-ha-sempre-detto-no-ai-continentali/30912",1
"http://www.lindro.it/cultura/2013-03-05/72188-al-cor-gentile-rempaira-sempre-sindri",1
"sempre-disturbato",1
"http://www.marx21.it/internazionale/pace-e-guerra/sempre-piu-probabile-aggressione-della-nato.html",1
"http://de.feedbooks.com/item/857635/resta-per-sempre-con-me",1
"http://de.feedbooks.com/item/672902/per-sempre-il-o-numero-10",1
"Uno-del-sempre-Eguale",1
"USA-sempre-cattivi",1
"Emilia-rossa-ma-sempre-di-meno",1
"http://www.matchfishing.it/2015/03/12/fassa-da-sempre-a-fianco-dei-pescatori-e-oggi-ancora-di-piu",1
"http://www.maurizioblondet.it/die-diverse-idee-progresso-sempre-piu-avanti",1
"http://dilettanteallosbaraglio-eres.blogspot.com/2011/03/fajitas-di-pollosempre-di-jamie-oliver.html",1
"http://www.mediafarma.it/blog/follicolite-post-depone-ecco-i-rimedi-per-una-pelle-sempre-liscia.html",1
"http://www.megalab.it/2062/emule-0-49b-e-sempre-piu-kad-centrico",1
"http://donna.fanpage.it/rischia-di-schiacciare-glisando-sempre-il-corsetto-l-ossessione-di-penny/p1",1
"display-sempre-acceso",1
"http://www.megalab.it/216/apple-ipod-sempre-piu-piccoli",1
"http://www.megalab.it/6167/come-avere-firefox-sempre-aggiornato-nel-nostro-sistema-ubuntu",1
"http://durodisicilia.blogspot.it/2015/02/ricavi-agricoli-aziendali-sempre-piu.html",1
"http://www.megalab.it/6484/tv-analogica-e-digitalertv-hybrid-super-007-si-puo----sempre-che-funzioni",1
"http://www.mentecritica.net/quello-che-avresti-sempre-volu",1
"http://economiapericittadini.it/news-flash/522-l-iione-non-e-sempre-ed-ovunque-un-fenomeno-monetario",1
"divenire-sempre-di-più",1
"a-me-sempre-cara",1
"sempre-eh",1
"http://www.meteoweb.eu/2011/11/alluvione-genova-nolimatici-fenomeni-cosi-ci-sono-sempre-stati/96520",1
"http://www.meteoweb.eu/2011/11/alluvione-genova-noimatici-fenomeni-cosi-ci-sono-sempre-stati/96520",1
"http://www.meteoweb.eu/2012/08/agricoltura-siccital-suolo-litalia-e-sempre-meno-indipendente/148291",1
"http://www.meteoweb.eu/2013/09/lestate-e-finita-ata-in-poi-sempre-in-agguato-come-prevenirli/226986",1
"http://es.feedbooks.com/item/1865159/solo-per-sempre-tua",1
"diventata-sempre-più-un''Internazionale-post-comunista",1
"sempre-estate",1
"http://www.mondorosashokking.com/Extras/5-consigliibili-per-avere-una-casa-sempre-pulita-e-ordinata",1
"http://www.mondodiscus.com/forum/showthread.php/58-Snake-è-sempre-un-emozione",1
"http://www.mondorosashokking.com/Jess---the-Dog/Sai-un-cane-ti-dovrai-alzare-per-sempre-alle-06:00",1
"http://www.mondorosashokking.com/MRShow/Il-Geco--è-sempre-una-questione-di-coda-/",1
"http://es.feedbooks.com/item/785277/per-sempre-tuo",1
"domanda-che-sempre-ritorna",1
"adesso-sempre-uguale",1
"Fare-sempre-bene",1
"http://www.nelpaesedellestoviglie.com/archives/2011/06/04/a-londra-e-sempre-lora-del-te",1
"http://www.notav.info/post/non-cerano-e-non-ci-sono-governi-amici-labbiamo-sempre-saputo/",1
"http://essenzaincucina.blogspot.com/2011/04/gnocchi-alla-romana-ce-sempre-da.html",1
"http://www.oggitreviso.it/un-veneto-sempre-pi%C3%B9-multietnico-29685",1
"http://www.omniauto.it/magazine/5899/sempre-pi-tasse-nel-settore-automotive",1
"http://federicodezzani.altervista.org/crisi-umanita-e-sempre-questione-di-petrolio-e-infrastrutture/",1
"donna-moderna-carrarmato-che-fa-ottomila-cose-insieme-sempre-col-sorriso-sulla-faccia",1
"http://www.omniauto.it/magazine/6279/luci-sempre-accese-di-giorno-legge-europea",1
"http://www.panorama.it/news/esteri/una-difesa-sempre-piu-indifesa/",1
"http://filo-so-pia.blogspot.com/2010/05/si-fa-in-quattro-per-essere-sempre-con.html",1
"http://www.paoloferrarocdd.eu/odora-di-giberne-e-t-questa-vicenda-che-si-ingigantisce-sempre-di-piu/",1
"http://www.passionsworld.it/film-tratti-da-libri-sono-sempre-deludenti/",1
"http://forum.valbrembanaweb.com/trekking-escursion87/santa-brigida-sempre-bello-mincucco-t10070.html",1
"donna-sempre-senza-nome",1
"afferrato-per-sempre-perso",1
"https://www.arcidiocesibaribitonto.it/pubblicazionagazzi-sempre-piu-connessi-ma-attenzione-ai-rischi",1
"https://www.arcidiocesibaribitonto.it/pubblicazionesa-deve-annunciare-sempre-e-dovunque-il-vangelobb",1
"https://www.arcidiocesibaribitonto.it/pubblicazioni/articoli-on-line/don-franco-ricci-e-sempre-vivo",1
"https://www.arcidiocesibaribitonto.it/pubblicazioni/articoli-on-line/sempre-piu-profughi-bambini",1
"https://www.arcidiocesibaribitonto.it/pubblicazionpa-francesco-il-male-c-e-ma-dio-e-sempre-piu-forte",1
"https://www.arcidiocesibaribitonto.it/pubblicazionrticoli-on-line/abdio-e-sempre-vicino-nel-dolorebb",1
"http://www.psychologies.it/Coaching/Autopsy/Perche-dico-sempre-bugie",1
"http://www.radicali.it/galassia/contraccettivi-non-sempre-illeciti-lultima-sfida-del-sinodo",1
"http://gestireunbedandbreakfast.blogspot.it/2013/04/disintermediare-e-sempre-piu-difficile.html",1
"https://www.comune.pordenone.it/it/citta/eventi/calendario/teatro-verdi/ditegli-sempre-di-si",1
"https://www.comune.pordenone.it/it/citta/eventi/caro-verdi/ditegli-sempre-di-si/",1
"https://www.corriere.it/esteri/18_luglio_24/sempre-piu-caldola-verde-inghilterrae-diventata-gialla",1
"https://www.corsofotografico.com/come-realizzare-sempre-foto-ben-esposte-parte-1-osservare-la-luce",1
"http://www.radioinblu.it/2016/03/31/ce-sempre-una-ola-de-simone-passa-il-testimone-a-marco-guazzone",1
"https://www.corsofotografico.com/perche-scegliere-sempre-il-formato-raw-jpg/feed/",1
"http://www.regione.emilia-romagna.it/notizie/2018/azia-sempre-piu-vicine-le-due-sponde-delladriatico",1
"http://giacintobutindaro.org/2014/04/18/la-donna-melluso-e-sempre-al-passo-con-i-tempi",1
"donna-sempre-tutte-extensions",1
"https://www.dn.pt/pais/interior/este-sabado-foi-o-dia-mais-quente-de-sempre-em-lisboa-9679437.html",1
"https://www.facebook.com/notes/vita-da-gatti-cagliomica-leggi-qua-e-come-sempre-grazie-/406785966789",1
"https://www.fastweb.it/smartphone-e-gadget/come-sore-con-lo-smartphone-con-la-memoria-sempre-piena-/",1
"https://www.fastweb.it/social/crescono-sempre-piu-gli-utenti-di-snapchat/",1
"https://www.fastweb.it/social/i-post-pubblici-di-gle-dureranno-per-sempre-grazie-a-internet-archive/",1
"https://www.fastweb.it/social/twitter-sempre-meno-account-riconducibili-all-isis/",1
"https://www.fastweb.it/web-e-digital/ecco-perche-la-silicon-valley-punta-sempre-piu-sui-video/",1
"http://www.rgunotizie.it/articoli/attualita/folignivitanova-sempre-piu-vicine-nel-nome-della-scienza",1
"https://www.fastweb.it/web-e-digital/laptop-sempre-attaccato-alla-corrente-i-consigli-da-seguire/",1
"http://www.rsi.ch/la-rsi/comunicati/Ascolti-2015-RSI-sempre-leader-sul-mercato-6708205.html",1
"http://gossip.fanpage.it/gerry-scotti-e-la-compagnella-la-conosco-da-sempre-siamo-felici-insieme/p1",1
"https://www.fiscooggi.it/rubrica/attualita/articolle-dellagenzia-servizi-on-line-sempre-piu-evoluti",1
"https://www.fotoinfo.net/osservatorio/787/osservatorio--il-falso--sempre-attuale",1
"https://www.genialenergy.it/wp-content/uploads/201tica-rinnovabili-sempre-piu-famiglie-investono.jpg",1
"http://www.salute-e-benessere.org/bellezza/unghie/lemi-di-unghie-ecco-come-mantenerle-sempre-al-top/",1
"http://www.senigallianotizie.it/1327447071/mangialardi-e-la-stupidita-va-sempre-sottolineata",1
"http://gossip.fanpage.it/la-gregoraci-parla-di-bri-non-e-un-principe-azzurro-e-sempre-arrabbiato/p1",1
"donna-sempre-vittima",1
"altri-Paesi-sempre-buoni",1
"Frank-sto-sempre-a-terra",1
"Bartebly-che-dicono-sempre-sì",1
"4-sempre-quello",1
"https://www.ilrisparmiotradito.it/news/377/pensiongrative-la-regola-e-sempre-prendi-i-soldi-e-scappa",1
"https://www.ilsole24ore.com/art/mondo/2018-08-27/uordo-sempre-piu-vicino-075921.shtml",1
"https://www.impresacity.it/news/24583/vertiv-raffrr-sempre-piu-sostenibile.html#.X-Sl2WIpS_g.twitter",1
"https://www.juguetilandia.it/prodotto/barriguitas-i-sempre-salopette-blu-famosa-700015556-107383.htm",1
"https://www.lafeltrinelli.it/libri/mario-lozzi/mi-dicevano-sempre-dio-ti/9788862811842",1
"https://www.laleggepertutti.it/162548_avvocato-neggente-non-sempre-il-cliente-puo-chiedergli-i-danni",1
"https://www.lapressa.it/articoli/politica/sempre-pi-rifiuti-prodotti-siamo-a-665-kg-a-testa",1
"https://www.lastampa.it/topnews/primo-piano/2020/0i-politici-mettete-sempre-la-mascherina-1.39170903",1
"https://www.libreriauniversitaria.it/mi-dicevano-sempre-dio-ti/libro/9788862811842",1
"https://www.libriscientifici.com/prodotto/mi-dicevano-sempre-dio-ti-vede-2",1
"https://www.linkiesta.it/it/article/2018/05/02/ince-quelli-italiani-sono-sempre-piu-pericolos/37928",1
"https://www.luccachanges.com/it/news/lucca-changes-sempre-piu-digitale",1
"https://www.luinonotizie.it/2020/10/27/ferramenta-e-dal-1952-sempre-al-servizio-dei-cittadini/303739",1
"https://www.mammiferi.org/eventi/selvatici-e-selvae-grandi-mammiferi-in-un-mondo-sempre-piu-stretto/",1
"https://www.matrimonio.com/forum/new-game-sempre-mai-o-qualche-volta--t696519",1
"https://www.matrimonio.com/forum/sempre-mai-o-qualche-volta--t854358",1
"https://www.medicitalia.it/blog/psicologia/1929-masintomo-va-sempre-tolto-o-talvolta-mantenuto.html",1
"https://www.medicitalia.it/spaziopro/spaziopsi/354pondete-sempre-agli-hikikomori",1
"https://www.minformo.it/32781/animali/cani/come-evcia-pipi-sempre-nello-stesso-punto-della-casa.html",1
"https://www.mo.camcom.it/informazione-economica/inrze-di-lavoro-una-provincia-sempre-piu-industriale",1
"https://www.movimentoroosevelt.com/news/per-dipart/un-metapartito-e-per-sempre-iscrizione-al-mr.html",1
"sempre-in-castigo-le-suore-americane-liberal",1
"https://www.oasiscenter.eu/it/dopo-tanti-secoli-un-libro-sempre-nuovo.",1
"https://www.oasport.it/2018/06/f1-gp-austria-2018-ri-hamilton-quando-e-favorito-vince-sempre-vettel",1
"https://www.orizzontescuola.it/azzolina-sempre-attenti-agli-alunni-con-bisogni-educativi-speciali/",1
"http://www.sindacalmente.org/content/la-cisl-tra-cn-sempre-il-silenzio-%C3%A8-doro-e-la-fim-lo-rompe",1
"http://guida-assicurazioni.it.msn.com/rc-auto-automobilisti-sempre-meno-assicurati",1
"https://www.paolotitta.it/post/477/1/prosegue-il-drizzatori-in-italia-e-sempre-piu-emergenza-rifiuti",1
"https://www.produzionidalbasso.com/project/il-cortocircuito-e-sempre-aperto/",1
"https://www.profignaziomarino.com/mc/519/1/il-costi-economica-rendono-la-sanita-sempre-meno-pubblica",1
"https://www.psicoterapiapersona.it/2018/02/26/dipehé-ripeto-sempre-lo-stesso-schema-nella-relazione",1
"http://www.sinistrainrete.info/lavoro-e-sindacato/rgio-bruno-non-sempre-e-oro-quel-che-luccica.html.",1
"https://www.radioglobo.it/wp-content/uploads/2018/radio-Futuro-dellestetica-sempre-meno-invasivo.wav",1
"https://www.radioglobo.it/wp-content/uploads/2019/nalis-sempre-più-in-forma-e-sempre-più-giovane.mp3",1
"https://www.regione.emilia-romagna.it/notizie/2019a-sempre-piu-mamme-scelgono-l-allattamento-materno",1
"https://www.regione.emilia-romagna.it/sederoma/not-e-sempre-piu-regina/",1
"https://www.regione.emilia-romagna.it/sederoma/not/2018/varie/mobilita-l2019auto-e-sempre-piu-regina",1
"https://www.reportnotprovided.com/posizionamento-mdit-seo-analysis-sito-vivo-sempre-in-prima-pagina/",1
"https://www.reportnotprovided.com/posizionamento-meo-analysis-sito-vivo-sempre-in-prima-pagina/feed/",1
"https://www.reportnotprovided.com/posizionamento-mnalysis-sito-vivo-sempre-in-prima-pagina/",1
"https://www.sapereeundovere.com/le-10-cose-della-bhiesa-vi-ha-sempre-nascosto-la-n-8-vi-sconvolgera",1
"https://www.stilearte.it/amore-arte-e-tradimento-cice-russa-che-resto-per-sempre-la-signora-picasso/",1
"https://www.tim.it/assistenza/gestione-linea-e-serstione-della-tua-sim/modalit%C3%A0-sempre-connesso",1
"https://www.tuttosteopatia.it/sempre-piu-italiani-losteopatia-lo-dice-lindagine-eumetra-monterosa/",1
"https://www.uai.it/pubblicazioni/uainews/11-uainewo-sempre-a-portata-di-click-con-reteastrofili.html",1
"https://www.unilibro.it/libro/lozzi-mario/mi-dicevano-sempre-dio-ti-vede/9788862811842",1
"http://www.sistriforum.com/t4886p30-trasporto-c-p--rifiuti-non-pericolosi-e-sempre-esente-dal-sistri",1
"http://heval.altervista.org/dovremmo-gridare-sempre-piu-e-invece-si-appare-afoni-perche/",1
"donne-sempre-in-compagnia",1
"https://www.vicenzi.it/gruppo/cosa-dicono-di-noi/vicenzi-sempre-piu-green",1
"https://www.victoriascarpe.it/donna-sempre-materiale-vegano-contraste-1129101.html",1
"https://www.victoriascarpe.it/donna-sempre-metallizzato-1129103.html",1
"https://www.vincenzocimini.it/post/479/1/sempre-piiche-dal-cfo-awards-2018-le-linee-guida-del-futuro",1
"https://www.zonacalcio.net/rubriche/fedato-a-zc-codee-innovative-il-bari-rimane-sempre-nel-mio-cuore",1
"i-10-motivi-per-cui-un-italiano-sopravvivera-sempre-allestero",1
"i-e-non-sempre-chiari-who-judges-the-judges",1
"ieri-sempre-mai",1
"il-famoso-regista-di-colore-che-porta-sempre-il-berretto-da-baseball",1
"il-popolo-ha-sempre-ragione",1
"il-sempre-FAVOLOSO",1
"impegni-sempre-di-corsa-ora-non-posso-ti-chiamo-più-tardi",1
"informazione-sempre-più-rarefatta",1
"io-ho-fatto-sempre-così-e-non-è-mai-accaduto-niente",1
"io-sono-sempre-rotto",1
"italiano.https://www.lamusicarock.com/cantanti-italiani/i-1taliani-piu-belli-di-sempre-secondo-rolling-stone",1
"la-per-sempre-figlia",1
"la-pur-sempre-menzionata-Berlino",1
"la-questione-curda-sempre-piu-di",1
"larga-sempre-più-larga",1
"lavorare-rassettare-ed-esser-sempre-in-alto-mare",1
"legge-sempre-ma-scrive-poco",1
"letto-sempre-molto-lentamente",1
"lotta-sempre-e-comunque-contro-il-neoliberismo-dominante",1
"là-sempre-un-Irishman-parte-de-fa-reale-funziona",1
"ma-sempre-ridente",1
"magistero-sempre-infallibile",1
"mail-sempre-e",1
"male-possibilmente-sempre-peggio",1
"mamme-perfette-e-sempre-sul-pezzo",1
"mangia-schifezze-pigra-stressata-perseguitata-da-sempre-dai-brufoli",1
"mezza-giornata-sempre-libera",1
"minigonne-sempre-più-corte",1
"mister-faccio-sempre-la-cosa-giusta-e-non-è-mai-quella-quando-riguarda-lei",1
"musagete-sempre-postepistemico-postikonoclasta-postmitoclasta-postmuse",1
"musica-sempre-musica",1
"mutanda-che-s''infila-sempre-quando-gratti",1
"nana-capellona-sempre-sia-lodato",1
"nano-sempre-infregola",1
"nicchia-sempre-meno-nicchia",1
"noi-sempre-giovani",1
"non-e-sempre-festa-ce-un-inferno-di-gay-infelici",1
"non-e-sempre-meglio",1
"non-sempre-ottimale",1
"non-sempre-perfettina",1
"non-sempre-simpatici",1
"non-sempre-soliti-dischi-metal",1
"non-sempre-sufficiente",1
"non-siamo-soli-nell''universo-e-che-da-altri-mondi-da-sempre-siamo-visià-a-volte-anche-a-noi-completamente-differenti-per",1
"non-troppo-sempre-vendicativa",1
"http://www.slpt.it/maltrattamenti-o-abuso-dei-mezz-la-ritrattazione-non-sempre-salva-limputato/feed/",1
"odora-di-giberne-e-tanker-questa-vicenda-che-si-ingigantisce-sempre-di-piu",1
"http://www.slpt.it/maltrattamenti-o-abuso-dei-mezz-ritrattazione-non-sempre-salva-limputato/",1
"http://hobbybook.it/95-libro-ora-per-sempre-e-oltre-demetrio-verbaro.html",1
"old.sbilanciamoci.info/Sezioni/italie/Non-sempre-e-oro-quel-che-luccica-19252",1
"ormai-sempre-più-alpinisti",1
"http://www.slpt.it/maltrattamenti-o-abuso-dei-mezzezione-la-ritrattazione-non-sempre-salva-limputato",1
"otto-sempre-otto",1
"outfit-sempre-nuovi",1
"ovunque-sempre-comunque",1
"oziosi-ahimè-sempre-a-piede-libero",1
"padre-fantasma-che-le-sta-sempre-accanto",1
"http://www.storienogastronomiche.it/fiasconaro-e-sempre-il-king-hibu-e-il-suo-dolce-di-natale/",1
"http://ilblogdilameduck.blogspot.it/2016/08/sara-uneuropa-sempre-meno-per-donne.html",1
"druido-sempre-dritto",1
"altri-tutti-sempre-e",1
"parla-sempre-sussurrando",1
"partecipazione.http://www.verbaniafocuson.it/n1095280-sempre-piu-l-arbitrarieta-e-dalla-mancanza-di-trasparenza.htm",1
"per-sempre-felici",1
"per-sempre-insieme",1
"per-sempre-presente",1
"per-sempre-prestante",1
"perche-i-gatti-cadono-sempre-in-piedi",1
"perduti-per-sempre-negozi",1
"pesce-sempre-pesce",1
"piccoli-pelleverde-sempre-infoiati",1
"pigia-sempre-sullo-stesso-pulsante-che-qualcosa-succede",1
"pigrizia-e-palestra-breve-guida-per-essere-sempre-forma",1
"podio-sempre-al-centro",1
"pole-vittoria-pole-vittoria-sempre-lui",1
"politici-sempre-all''Opposizione",1
"popolo-unito-sarà-sempre-vinto",1
"poveri-sempre-più-poveri",1
"pregare-sempre-numero",1
"prendere-tutti-sempre-e-comunque",1
"prezzemolone-sempre-in",1
"primari-sempre-assenti",1
"progetti-sempre-sul-nascere",1
"punto-informatico.it/2477467/PI/News/sempre-meno-donne-nelle-scienze-informatiche.aspx",1
"pupazzetto-sempre-in-piedi",1
"pur-sempre-mascoline-e-non-femminili-spero-io-capitemi-a-mia",1
"quasi-amici-sempre-nemici-p",1
"quasi-sempre-giusta",1
"quasi-sempre-maschi-neoadepti",1
"quasi-sempre-silenziosa",1
"quasi-sempre-tutto-esaurito",1
"quasi-sempre-verde",1
"quelli-che-avevano-i-capelli-lunghi-e-irccioli-bio-nonostante-tutto-questo-sto-sempre-davanti-a-TEGO",1
"quelli-che-bisogna-sempre-andare-contro-qualsiasi-amministrazione",1
"ricerca-dell''apprezzamento-di-altri-per-i-quali-si-rimarrà-sempre-dei-nonnecessari-però",1
"richhi-sempre-più-ricchi",1
"ritoccare-sempre-ritoccare-tutto",1
"http://www.studiocataldi.it/articoli/26352-fermo-tecnico-il-danno-va-sempre-provato.asp",1
"sciappennisista-che-coglie-sempre-l''attimo",1
"http://www.sugaman.com/2011/luciano-marrocu-%E2%80%93-le-rivoluzioni-vanno-sempre-storte",1
"http://ilmiolibro.kataweb.it/opinione/336473/dal-rneggiatura-il-passo-non-e-sempre-breve",1
"sempre-100",1
"sempre-Asuka",1
"sempre-Ballo",1
"sempre-Coscente",1
"sempre-Discriminare",1
"sempre-E",1
"sempre-Esistente",1
"sempre-Fiorentina",1
"sempre-Il",1
"sempre-Kaworu",1
"sempre-Le",1
"sempre-Lo",1
"http://www.trasportorifiutispeciali.it/la-dispersiori-ed-inquinanti-un-problema-sempre-piu-attuale/.",1
"sempre-Nuova",1
"sempre-Pierluigi",1
"sempre-Quindi",1
"sempre-Rocca",1
"sempre-Vergine",1
"sempre-Vorresti",1
"http://www.tuttononprofit.com/2015/03/il-presidentdi-una-associazione-non-e-sempre-responsabile.html",1
"http://invacanzadaunavita-housewife.blogspot.com/2012/01/le-tagliatelle-ce-sempre-una-prima.html",1
"e-api-sempre-piu-brave-in-matematica_8b7db6e7-c225-4484-bd31-0abc6fa3dd16.html",1
"sempre-a-galla",1
"sempre-a-ogni-costo",1
"sempre-a-posto",1
"sempre-a-rotta-di-collo",1
"sempre-a-tutti",1
"sempre-abbreviate",1
"sempre-abbronzato-e-cotonato",1
"sempre-maggiore",1
"http://www.tuttonumismatica.com/topic/2612-leontincaico-un-tetra-che-mi-ha-sempre-intrigato",1
"http://it-it.facebook.com/pages/Associazione-Cure-5%A0pacapan-Amore-per-sempre-ONLUS/221619701215433",1
"sempre-afferma",1
"sempre-affidabile",1
"sempre-alcuni",1
"sempre-all''erta",1
"sempre-alle",1
"sempre-almeno",1
"sempre-altri",1
"sempre-malata",1
"sempre-amici",1
"http://www.upgradeyourmind.it/wp-content/uploads/2015/02/Si-è-sempre-fatto-così-UYM.jpg",1
"http://www.uai.it/pubblicazioni/uainews/11-uainewso-sempre-a-portata-di-click-con-reteastrofili.html",1
"e-che-sai-mi-piacciono-tanto-e-io-sono-sempre-tanto-carina-con-te-pliz-buy-ok-kawaiiiii",1
"altro-sempre-uguale",1
"Genio-della-lampada-sempre-pronto-ad-ogni-sfregamento-ad-esaudire-i-desideri-di-Al-Bananino",1
"sempre-ancora",1
"sempre-ancorada-scegliere",1
"sempre-ancoraunavolta",1
"sempre-aperta",1
"sempre-aperto-24-ore-al-giorno",1
"sempre-appiccicato-amico",1
"sempre-ardente",1
"sempre-assente",1
"sempre-assurdamente-clementi",1
"sempre-attivissimi-sul-web",1
"sempre-attuale",1
"sempre-autorità",1
"sempre-autunnali",1
"sempre-avventuroso",1
"sempre-bambine",1
"http://www.varesenews.it/2016/12/a-varese-piove-sempre-ecco-come-e-andata-nel-2016/581977",1
"http://www.venceremos.it/2014/07/23/confessioni-unatessa-idf-israele-sempre-simile-germania-nazista",1
"http://italian.ruvr.ru/news/2014_07_18/Merkel-La-s-Ucraina-sta-diventando-sempre-piu-complessa-4577",1
"sempre-bianco",1
"sempre-bravissimo",1
"sempre-bravo",1
"sempre-brillante",1
"sempre-buie",1
"sempre-caustica",1
"sempre-che",1
"sempre-che-qualcuno-la-rispetti",1
"sempre-chiamato-in-causa",1
"sempre-chiaramente",1
"http://www.verbaniafocuson.it/n1095280-sempre-piu-l-arbitrarieta-e-dalla-mancanza-di-trasparenza.htm",1
"http://www.video.mediaset.it/video/iene/puntata/nile-piu-crudele-e-sempre-l%E2%80%99uomo_657068.html",1
"http://italian.ruvr.ru/news/2014_08_30/Mosca-il-diese-in-Ucraina-pone-sempre-piu-interrogativi-9563",1
"e-del-tuo-mondo-parte-farò-sempre-così-solo-con-te",1
"sempre-collegata",1
"sempre-comunicante",1
"sempre-comunque",1
"sempre-comunque-dovunque",1
"sempre-comunque-e-dovunque",1
"sempre-comunque-ed-in-ogni-momento",1
"sempre-comunque-ovunque",1
"sempre-con",1
"sempre-con-te",1
"sempre-con-tutti",1
"sempre-conclude",1
"sempre-concludono",1
"sempre-confuso",1
"sempre-connesse",1
"http://www.vitasnella.it/manifesto/vede-le-cose-sempre-in-modo-positiva.php",1
"sempre-continuo",1
"sempre-contro",1
"sempre-cos",1
"http://www.webnews.it/2011/10/16/italia-programmi-la-truffa-e-sempre-piu-meschina",1
"http://italian.ruvr.ru/news/2014_12_04/La-Russia-e-sempre-pronta-a-sostenere-il-popolo-ucraino-6780",1
"sempre-cose",1
"sempre-costernato-dalla-Lega-Nord",1
"sempre-così",1
"sempre-creando",1
"sempre-da-finire",1
"sempre-da-venire",1
"http://www.wired.it/attualita/ambiente/2014/10/27/russia-ora-solare-sempre-inverno-permanente",1
"http://www.wmtools.com/news/posizion...-sempre-validi",1
"http://keralasupermarket.com/parazite/ho-sempre-vermi.php.",1
"e-vissero-per-sempre-felici-e-contenti",1
"amica-coinquilina-tuttofare-sempre-presente",1
"sempre-definiti",1
"sempre-degenti",1
"sempre-di-corsa",1
"sempre-di-manica-stretta",1
"sempre-di-più",1
"sempre-di-più-disumano",1
"sempre-dice",1
"http://www.zerodigitaldivide.it/news/sempre-pi%C3%va-la-banda-larga-anche-canale-dei-pescatori-ostia",1
"sempre-disponibile",1
"sempre-disse",1
"sempre-distinti",1
"http://xoomer.alice.it/sempre-verde",1
"http://keynesblog.com/2014/02/27/la-coerenza-di-padoan-da-marx-a-renzi-ma-sempre-contro-keynes",1
"sempre-divenire",1
"sempre-diverso",1
"sempre-dominante",1
"sempre-dominato",1
"sempre-don''t",1
"sempre-dovunque-comunque",1
"sempre-due",1
"sempre-duro",1
"sempre-e-a-tutti-i-costi",1
"https://circolovegetarianotreia.wordpress.com/2014ndata-via-sono-sempre-stata-qui-la-porta-e-aperta",1
"sempre-e-dappertutto",1
"sempre-e-dovunque",1
"https://circolovegetarianotreia.wordpress.com/2016/01/22/akarmo-per-sempre-un-messaggio-damore",1
"http://lesciechimicheagenovafotodidoriano54.blogspot.it/2012/10/bugie-sempre-bugie.html#comment-form",1
"ecco:http://smartlifting.org/2013/01/una-...n-sempre-vera",1
"sempre-eccellente",1
"sempre-eccellentissimo",1
"https://circolovegetarianotreia.wordpress.com/2017/09/20/restiamo-cio-che-sempre-siamo-stati",1
"https://crazzypeoplz.com/2020/12/09/il-levitra-non-sempre-funzuina",1
"http://lumerinnovato.blogspot.com/2008/04/ricchi-sempre-pi-ricchi-e-poveri-sempre.html",1
"sempre-elusivo",1
"sempre-era",1
"sempre-eretto",1
"https://digitale.regione.emilia-romagna.it/notizie-di-cesena-e-sempre-piu-smart/",1
"sempre-essere-già-redenti",1
"sempre-essere-presso-Dio",1
"https://digitale.regione.emilia-romagna.it/notizie019/gennaio/il-comune-di-cesena-e-sempre-piu-smart",1
"http://m.motociclismo.it/le-moto-elettriche-sono-sempre-piu-interessanti-moto-57003",1
"economia.https://www.self-entilocali.it/2011/02/10/servizi-pubblici-e-sempre-ammessa-la-gestione-diretta",1
"amico-sempre-in",1
"Germania-che-dice-sempre-no",1
"Bobo-sempre-in",1
"sempre-esuberante",1
"sempre-eterna",1
"sempre-fatto-così",1
"sempre-favolosi-deep",1
"sempre-ferragosto",1
"sempre-figa",1
"sempre-fino",1
"sempre-fluttuanti",1
"sempre-forever",1
"sempre-foto",1
"sempre-freddo",1
"sempre-fresco",1
"sempre-giovane-Massi105",1
"https://fastweb.it/social/i-post-pubblici-di-google-dureranno-per-sempre-grazie-a-internet-archive/",1
"https://fastweb.it/web-e-digital/apple-sempre-piu-ata-alla-nostra-salute-con-il-nuovo-apple-watch-5",1
"http://manuelacaminada.wordpress.com/2014/03/23/ilr-portarlo-in-tavola-sempre-croccante-e-profumato",1
"https://fesr.regione.emilia-romagna.it/notizie/202o/laboratori-aperti-sempre-piu-vicini-ai-cittadini",1
"sempre-già-definite",1
"sempre-già-soggetto",1
"sempre-già-vecchie",1
"sempre-giàlà",1
"sempre-gradito-selfie",1
"sempre-grande",1
"sempre-gravida",1
"sempre-grigio",1
"https://figliodellafantasia.wordpress.com/2015/05/alia-sempre-piu-affogatanel-cemento-secondo-ispra",1
"http://medoacusvolley.it/4851-gambe-sempre-doloranti-e-rigide.php",1
"esser-già-sempre-avanti-a-sé",1
"sempre-i-soliti",1
"sempre-identico",1
"sempre-identico-a-se-stesso",1
"sempre-in",1
"sempre-in-acqua",1
"sempre-in-braccio",1
"https://it.zenit.org/2020/12/18/papa-francesco-entsembra-esserci-sempre-meno-posto-per-la-religione",1
"https://itakon.it/varie/star-wars-i-fantastici-oggetti-da-cucina-che-hai-sempre-desiderato.html",1
"http://messaggeroveneto.gelocal.it/pordenone/cronauniversita-sempre-meno-fondi-1.15855446",1
"sempre-in-cerca",1
"sempre-in-fasce",1
"sempre-in-fermento",1
"sempre-in-home-page",1
"sempre-in-penombra",1
"sempre-in-prima-pagina",1
"sempre-in-sella.awardspace.com",1
"https://junglam.com/lifestyle/eros/la-pecorina-tutto-quello-che-hai-sempre-voluto-sapere/",1
"sempre-indimenticabile",1
"sempre-inferiore",1
"sempre-infidi",1
"sempre-infortunato",1
"sempre-ingrifati",1
"sempre-innocenti",1
"sempre-la",1
"sempre-la-mano",1
"sempre-le-solite-cose",1
"sempre-lercio",1
"sempre-lo-stesso",1
"sempre-lù",1
"https://lascuredielia.blogspot.com/2020/02/come-trovare-gesu-sempre-e-dovunque.html",1
"http://millenovecentodieci.blogspot.com/2010/09/stadi-sempre-piu-vuoti-le-ragioni-dei.html",1
"esser-sempre-già-soltanto-presso",1
"amore-sempre-amato",1
"sempre-mai-abbastanza-elogiato",1
"sempre-mai-definito-prima",1
"sempre-mantenuto-e-mantiene-la-stessa-posizione-e-condotta",1
"sempre-marroni",1
"sempre-meglio-averle-dietro-non-si-sa-mai",1
"sempre-meno",1
"sempre-meno-cittadini",1
"sempre-meno-grandi",1
"sempre-meno-italiano",1
"sempre-meno-nostra",1
"sempre-meno-rappresentative",1
"sempre-mia",1
"sempre-migliorabile",1
"sempre-mio",1
"sempre-mitico",1
"sempre-morente",1
"sempre-morto",1
"https://library.weschool.com/lezione/sempre-caro-mle-infinito-zibaldone-leopardi-poetica-8568.html",1
"https://m.tim.it/offerte/mobile/servizi-mobile-e-app/sempre-sicuro",1
"http://mondorosashokking.com/Charity/Amici-per-sempre--Amoglianimali-presenta-il-Calendario-2012",1
"sempre-necessariamente",1
"sempre-necessario-amore-eterno",1
"sempre-nei",1
"https://mazzjazz.wordpress.com/2015/11/17/i-migliori-artisti-jazz-di-sempre-secondo-la-bbc",1
"sempre-nelle-nuvole",1
"sempre-nello",1
"sempre-nero",1
"sempre-niveo",1
"sempre-no-a-tutto",1
"sempre-notte",1
"https://mobilita.regione.emilia-romagna.it/news-hone-di-bologna-sempre-piu-auto-ibride-ed-elettriche",1
"http://mondorosashokking.com/Charity/Luana-Gani-Alessano-e-il-suo--Nicco-per-sempre---L",1
"esser-sempre-me",1
"sempre-oca",1
"sempre-odiosa",1
"sempre-oltre",1
"sempre-online",1
"sempre-ora",1
"sempre-più-grosso",1
"sempre-ovunque-subito",1
"sempre-ovunquee-comunque",1
"sempre-papa",1
"sempre-per",1
"sempre-perchè",1
"sempre-perdonante",1
"sempre-perennemente-incazzosi",1
"sempre-pi",1
"sempre-piaciuta",1
"https://not.neroeditions.com/ora-sempre-meme-resistenza/",1
"https://nonhomaitempo.blogspot.it/2018/02/sempre-ptml",1
"sempre-piu-donne-scelgono-la-liberta-affrontano-la-violenza",1
"sempre-più-agguerrita",1
"sempre-più-batista-maggiordom",1
"sempre-più-bianchi",1
"sempre-più-centrale",1
"sempre-più-cyborg",1
"sempre-più-debole",1
"sempre-più-destro",1
"sempre-più-forte",1
"sempre-più-fuori-come-una-pigna",1
"sempre-più-grande",1
"https://notizie.tiscali.it/esteri/articoli/i-veri-pirati-sono-sempre-gli-inglesi/",1
"sempre-più-impossibili",1
"sempre-più-ombra",1
"sempre-più-piccoli",1
"sempre-più-piccolo-tutto",1
"https://ombre-angeliche.blogspot.ch/2016/05/recensione-lamore-arriva-sempre-al.html",1
"http://mondorosashokking.com/Occhio-al-look/Il-jeans--chic-sempre-e-comunque/",1
"http://mondorosashokking.com/MRworking/Per-un-matrimonio-sempre-più-web-2-0",1
"andini-ma-pur-sempre-replicabili-da-queste-parti",1
"Giordania-sempre-amica",1
"sempre-più-ricchi",1
"sempre-più-sadiche",1
"sempre-più-sorprendente",1
"https://paolodarpini.blogspot.com/2018/11/caccia-sempre-piu-violenta-ferrara-si.html",1
"sempre-più-spesso",1
"sempre-più-vicina",1
"https://paolodarpini.blogspot.com/2020/12/toscana-la-geotermia-non-sempre-aiuta.html",1
"http://mondorosashokking.com/QuotaD/Le-mamme-sempre-più-2-0",1
"sempre-più-vivibile",1
"sempre-piú",1
"https://riccardobrezza.com/2016/04/18/rispettare-sempre-gli-elettori-e-il-loro-voto",1
"sempre-poi",1
"https://riciclaggiodellamemoria.blogspot.com/2019/03/meditazione-la-coscienza-e-sempre-qui.html",1
"http://negoziazioneefficace.it/it/concetti-fondamentali/una-torta-grande-non-sempre-e-sufficiente",1
"esser-sempre-sé",1
"sempre-portare",1
