"ex-novo",6941
"ex-Jugoslavia",3840
"ex-voto",3687
"ex-aequo",3478
"ex-presidente",3102
"ex-post",2815
"ex-moglie",2451
"ex-ante",2435
"ex-ministro",1821
"ex-allievi",1602
"ex-marito",1485
"ex-studenti",1244
"ex-sindaco",1183
"ex-convento",1054
"tex-mex",999
"ex-detenuti",998
"ex-direttore",948
"ex-compagni",925
"ex-comunisti",922
"ex-compagno",909
"ex-capo",839
"ex-colonie",838
"ex-membri",815
"ex-fidanzata",769
"Cortex-A53",761
"ex-Presidente",757
"ex-dipendenti",738
"sex-appeal",735
"ex-equo",729
"ex-combattenti",726
"ex-alunni",684
"ex-fidanzato",677
"ex-membro",667
"ex-Unione",666
"ex-agente",654
"ex-libris",650
"ex-chiesa",635
"ex-collega",634
"ex-premier",603
"Kart-Vortex-Vega",578
"ex-URSS",574
"ex-giocatore",571
"ex-colonia",569
"ex-Yugoslavia",564
"ex-colleghi",562
"ex-segretario",562
"ex-militare",560
"sex-symbol",558
"ex-leader",557
"ex-allievo",517
"ex-comunista",513
"Tex-Mex",488
"ex-partner",482
"ex-Cirielli",481
"ex-fumatori",449
"ex-campione",446
"ex-ragazza",439
"ex-militari",421
"ex-compagna",419
"ex-pilota",414
"ex-scuola",414
"ex-caserma",410
"ex-dipendente",409
"ex-sovietici",394
"ex-sovietiche",388
"ex-studente",384
"ex-ufficiale",384
"ex-machina",383
"ex-amante",379
"ex-assessore",376
"ex-poliziotto",376
"ex-calciatore",359
"ex-Ministro",356
"ex-amico",346
"ex-governatore",344
"ex-INPDAP",336
"ex-cantante",333
"ex-ospedale",332
"ex-cathedra",330
"ex-soldato",320
"ex-prigionieri",319
"ex-ragazzo",317
"ex-coniuge",315
"ex-fabbrica",311
"ex-alleati",311
"ex-schiavi",309
"ex-primo",303
"ex-coniugi",303
"Cortex-A9",302
"ex-dirigente",297
"ex-detenuto",293
"Cortex-A7",288
"ex-lavoratori",284
"ex-monastero",284
"ex-situ",282
"ex-consigliere",279
"ex-capitano",275
"ex-giocatori",273
"ex-sovietico",268
"ex-presidenti",263
"ex-generale",262
"ex-squadra",257
"ex-sovietica",252
"ex-stazione",249
"ex-repubbliche",249
"ex-comandante",249
"ex-cava",249
"ex-chitarrista",248
"ex-vivo",248
"ex-Iugoslavia",248
"ex-magistrato",247
"ex-lege",247
"ex-soldati",245
"ex-amici",244
"ex-comune",240
"ex-insegnante",233
"ex-manager",231
"ex-re",229
"ex-socialisti",229
"ex-cinema",227
"ex-tossicodipendenti",225
"ex-ministri",225
"ex-art",221
"ex-casa",219
"ex-allenatore",217
"ex-demo",216
"ex-parlamentare",215
"ex-ferrovia",215
"ex-fascisti",214
"ex-sherry",213
"ex-partigiani",210
"ex-Urss",208
"ex-Ilva",208
"ex-area",205
"ex-pazienti",205
"ex-gay",204
"ex-capitale",203
"ex-deputato",202
"Cortex-A15",200
"ex-sistere",199
"ex-amanti",197
"ex-democristiani",194
"ex-Convento",194
"ex-batterista",193
"deus-ex-machina",191
"ex-marine",190
"ex-bourbon",190
"ex-ufficiali",187
"ex-senatore",185
"ex-DDR",185
"ex-sede",184
"ex-pugile",183
"ex-socio",181
"Cortex-M3",179
"ex-scuole",178
"ex-deportati",178
"ex-Beatle",178
"ex-agenti",177
"ex-alleato",176
"ex-Sindaco",175
"ex-professore",175
"ex-ambasciatore",173
"ex-nemici",171
"ex-impero",170
"ex-modella",170
"ex-coloniali",168
"ex-dirigenti",168
"ex-alunno",166
"ex-atleta",166
"ex-dittatore",165
"ex-vicepresidente",164
"ex-parlamentari",162
"ex-atleti",158
"ex-Compagnia",157
"ex-carcerati",157
"ex-esposti",156
"ex-fumatore",156
"ex-monopolista",156
"ex-allieva",155
"ex-tempore",152
"ex-sindacalista",152
"ex-partigiano",151
"ex-bassista",151
"ex-calciatori",151
"ex-lsu",150
"ex-PCI",150
"ex-asilo",149
"ex-Ospedale",148
"ex-clienti",147
"ex-soci",145
"Cortex-A72",144
"ex-mattatoio",144
"ex-Inpdap",143
"Cortex-A73",143
"ex-terrorista",142
"ex-industriali",142
"ex-schiavo",142
"ex-internati",141
"index-linked",141
"ex-industriale",140
"ex-prostituta",140
"ex-campo",139
"ex-operaio",139
"ex-comuni",138
"ex-macello",138
"ex-ducere",137
"ex-ordinanza",137
"ex-Bourbon",136
"ex-coach",136
"ex-prete",135
"ex-municipalità",135
"ex-nihilo",135
"ex-combattente",135
"ex-spia",135
"ex-Chiesa",134
"ex-carcere",133
"ex-Repubblica",133
"Kart-Vortex-Bridgestone",133
"ex-collaboratore",133
"ex-socialista",131
"ex-Facoltà",130
"Cortex-A55",130
"ex-amministratore",129
"ex-Primo",128
"ex-DC",127
"ex-Germania",127
"ex-galeotto",127
"ex-giornalista",126
"ex-componenti",124
"Cortex-A76",124
"ex-funzionario",124
"ex-Pci",123
"ex-bambini",122
"ex-Sherry",122
"ex-proprietario",122
"ex-Mattatoio",122
"ex-vice",121
"Cortex-M4",120
"ex-Istituto",120
"ex-ragazzi",120
"Cortex-A57",120
"ex-commissario",119
"ex-Manifattura",119
"ex-municipalizzate",119
"ex-terroristi",118
"ex-Michelin",118
"ex-candidato",117
"ex-jugoslavia",116
"ex-jugoslavi",115
"ex-provincia",113
"ex-mercato",113
"ex-concorrente",112
"ex-assistente",112
"ex-jugoslava",112
"ex-sinistra",112
"ex-guerriglieri",112
"ex-stabilimento",111
"ex-responsabile",111
"ex-regina",111
"ex-militanti",111
"ex-tecnico",110
"ex-datore",110
"ex-blocco",109
"ex-studentessa",109
"ex-comico",108
"ex-Segretario",108
"ex-proprietari",108
"ex-discarica",107
"ex-fidanzati",107
"ex-manicomio",106
"ex-giovani",106
"ex-mogli",106
"ex-operai",105
"Kosmic-Vortex-Vega",105
"ex-nazisti",104
"ex-Ansaldo",104
"ex-stalla",104
"ex-AN",104
"ex-maestro",104
"ex-giudice",103
"ex-Caserma",103
"Cortex-A8",103
"ex-tronista",103
"ex-campioni",103
"ex-colonnello",102
"ex-attrice",102
"ex-sessantottini",101
"ex-componente",101
"ex-funzionari",101
"ex-Enpals",101
"ex-regno",101
"ex-legge",101
"ex-promotori",100
"ex-detenute",100
"ex-militante",100
"ex-collaboratori",100
"ex-Direttore",99
"ex-Gil",99
"ex-carcerato",99
"ex-uomo",99
"ex-allieve",97
"ex-fascista",97
"sex-shop",97
"ex-impiegato",97
"ex-Regno",97
"ex-consiglieri",97
"ex-frontman",96
"ex-palazzo",95
"ex-attore",95
"ex-Fiat",95
"ex-imperatore",95
"ex-amministratori",94
"Cortex-M0",94
"ex-amica",94
"ex-repubblica",92
"sex-toys",92
"ex-officio",91
"ex-portavoce",91
"ex-An",90
"ex-centrale",90
"ex-sottosegretario",90
"ex-paziente",89
"ex-padrone",89
"ex-avvocato",89
"ex-utenti",89
"Kart-Vortex-Dunlop",89
"ex-docente",88
"ex-Birmania",88
"flex-security",88
"ex-Banca",87
"ex-medico",87
"ex-mariti",87
"ex-base",86
"ex-democristiano",86
"Unisex-Adulto",86
"ex-tossicodipendente",85
"ex-factory",85
"ex-prigioniero",85
"ex-Casa",85
"ex-numero",85
"ex-banchiere",84
"ex-residenza",84
"sex-toy",84
"ex-procuratore",84
"ex-partito",83
"ex-Italsider",82
"ex-Impero",82
"ex-Premier",81
"ex-scuderie",80
"ex-ministra",80
"ex-alunna",79
"ex-rettore",79
"ex-albergo",78
"ex-prefetto",78
"ex-reame",78
"ex-refettorio",77
"ex-statale",77
"ex-coppia",77
"ex-Macello",77
"ex-sergente",77
"ex-jugoslave",76
"ex-cliente",76
"ex-deportato",76
"ex-ballerina",75
"ex-ingegnere",75
"ex-capi",75
"ex-Presidenti",75
"Cortex-M",75
"ex-Dc",74
"ex-cancelliere",74
"Zantrex-3",74
"ex-LSU",74
"ex-appartenenti",74
"ex-rifugio",74
"ex-seminarista",74
"ex-gesuita",73
"ex-cavaliere",73
"ex-Breda",73
"ex-zuccherificio",73
"ex-60",73
"ex-pm",73
"ex-portiere",73
"ex-brigatista",72
"ex-maggioranza",72
"ex-compagnia",72
"ex-vicesindaco",72
"ex-biblioteca",72
"ex-console",71
"ex-velina",71
"ex-piloti",71
"ex-nazista",70
"latex-free",70
"ex-sacerdote",69
"ex-compagne",68
"ex-commilitone",68
"ex-Varesine",68
"ex-nemico",68
"ex-gruppo",67
"ex-impiegati",67
"ex-Ds",66
"ex-fiamma",66
"ex-volontari",66
"ex-elettori",66
"ex-migliore",66
"ex-Zaire",66
"ex-Margherita",66
"ex-Telecom",66
"ex-Cavaliere",66
"ex-fidanzate",65
"ex-concorrenti",65
"ex-alcolista",65
"ex-genere",65
"ex-insegnanti",65
"Flex-e-card",65
"ex-beatle",64
"ex-sala",64
"ex-Gescal",64
"ex-fienile",64
"ex-consulente",64
"ex-direttrice",63
"ex-star",63
"ex-magazzini",63
"ex-magazzino",63
"ex-sedime",63
"ex-contadini",63
"ex-parroco",62
"ex-municipio",62
"ex-Lsu",62
"ex-feudo",62
"ex-band",61
"ex-ribelli",61
"ex-malati",61
"ex-caserme",61
"ex-galeotti",61
"ex-ispettore",61
"ex-popolari",61
"ex-Capo",61
"ex-stella",61
"ex-TdG",61
"ex-CEO",60
"ex-musulmani",60
"ex-preside",60
"ex-professionista",60
"ex-Assessore",59
"ex-magistrati",59
"ex-astronauta",59
"ex-corsisti",59
"ex-guerrigliero",59
"ex-Beatles",58
"ex-zona",58
"ex-dc",58
"ex-articolo",58
"ex-politici",58
"ex-vescovo",58
"ex-guardia",58
"ex-città",58
"ex-governo",58
"ex-sindaci",57
"ex-Serpeverde",57
"ex-rivale",57
"ex-bambino",57
"ex-linea",57
"ex-Falck",57
"ex-residenti",57
"ex-professionisti",57
"ex-Palazzo",57
"ex-DS",56
"ex-tenente",56
"ex-GIL",56
"ex-prostitute",56
"ex-segretaria",56
"ex-Snia",55
"ex-scout",55
"ex-jugoslavo",55
"ex-Allievi",55
"ex-abrupto",55
"ex-commilitoni",55
"ex-Cinema",55
"ex-utente",55
"ex-oratorio",55
"ex-stati",55
"ex-cittadini",55
"ex-first",55
"ex-nazionale",54
"ex-generali",54
"ex-province",54
"ex-criminale",54
"ex-arbitro",54
"ex-miniera",54
"ex-convivente",54
"ex-polveriera",53
"ex-potenze",53
"ex-Cecoslovacchia",53
"ex-Fiera",53
"Reflex-Nikkor",53
"ex-gieffina",52
"ex-pro",52
"ex-campionessa",52
"ex-New",52
"ex-aeroporto",52
"ex-deputati",52
"ex-complesso",52
"ex-SS",52
"ex-datori",52
"ex-assessori",52
"ex-minatori",52
"ex-Eutelia",52
"ex-stazioni",52
"ex-cacciatore",51
"ex-diplomatico",51
"ex-Macelli",51
"ex-cave",51
"ex-cattedrale",51
"ex-sovrano",51
"Nex-5",51
"ex-carabiniere",51
"ex-Provincia",51
"ex-ufficio",51
"ex-centro",50
"ex-cattolici",50
"ex-tdg",50
"ex-edificio",50
"ex-collegio",50
"ex-aree",50
"ex-strada",50
"ex-seminario",50
"ex-deposito",50
"ex-manifattura",49
"ex-OPG",49
"ex-stabilimenti",49
"ex-difensore",49
"ex-quartiere",49
"ex-rivoluzionari",49
"ex-padroni",49
"ex-Monastero",49
"ex-cattedra",49
"ex-fan",48
"ex-preti",48
"ex-Magic",48
"ex-fratelli",48
"ex-docenti",48
"ex-Stati",48
"ex-boss",48
"ex-ENPALS",48
"ex-mulino",47
"ex-tribunale",47
"ex-tesoriere",47
"ex-Collegio",47
"ex-paesi",47
"ex-cappella",47
"ex-ospiti",47
"ex-attaccante",47
"ex-poliziotti",47
"ex-papa",47
"ex-Bertone",47
"ex-Italcementi",47
"ex-Asilo",46
"ex-analista",46
"ex-alcolisti",46
"ex-IRRE",46
"ex-azienda",46
"ex-esercito",46
"ex-carceri",46
"ex-colleghe",46
"ex-cartiera",46
"ex-suocera",46
"ex-officina",46
"ex-fornace",46
"Jex-Blake",46
"ex-nuovo",45
"ex-negazionisti",45
"ex-schiava",45
"ex-giovane",45
"ex-adepti",45
"ex-iscritti",45
"ex-Acna",45
"ex-abitanti",45
"ex-40",45
"ex-Mercato",45
"ex-suora",45
"ex-frate",45
"ex-lavoratore",45
"ex-festività",44
"ex-Indire",44
"ex-monopolisti",44
"ex-politico",44
"ex-villa",44
"ex-noleggio",44
"ex-Suns",44
"ex-filanda",44
"Librex-Guggenheim",44
"ex-ISPESL",43
"sex-simbol",43
"ex-missini",43
"ex-officine",43
"ex-ricercatore",43
"ex-grande",43
"ex-Expo",43
"ex-fermata",42
"ex-mentore",42
"ex-voce",42
"ex-abbazia",42
"ex-works",42
"ex-qualcosa",42
"ex-hotel",42
"ex-sindacalisti",42
"ex-corridore",42
"ex-dogana",42
"ex-centrocampista",41
"ex-fissa",41
"ex-ex",41
"ex-detective",41
"ex-vocalist",41
"ex-fabbriche",41
"ex-possessore",41
"ex-Governatore",41
"ex-infermiera",41
"ex-capogruppo",41
"ex-sistenza",41
"ex-occupanti",41
"ex-tossico",40
"ex-Scuola",40
"ex-ASL",40
"ex-esponente",40
"ex-pupillo",40
"ex-guardie",40
"ex-Re",40
"ex-miniere",40
"ex-Lucchini",40
"ex-Testimoni",40
"ex-sessantottino",40
"Kart-Vortex-Le",40
"ex-ghetto",39
"ex-scienziato",39
"ex-ILVA",39
"ex-bambina",39
"ex-Canapificio",39
"ex-granata",39
"ex-produttore",39
"ex-KGB",39
"ex-studentesse",39
"ex-ciclista",38
"ex-Inter",38
"ex-æquo",38
"ex-partecipanti",38
"ex-scalo",38
"ex-concesse",38
"ex-monaco",38
"ex-coordinatore",38
"ex-consorte",38
"Champex-Lac",38
"ex-colonizzatori",38
"ex-coloni",38
"ex-tastierista",38
"ex-poliziotta",38
"ex-hacker",38
"ex-braccio",38
"ex-Enel",38
"ex-classe",38
"ex-Stato",38
"Lex-ARC",38
"ex-Legge",38
"ex-consigliera",37
"ex-gieffino",37
"ex-cimitero",37
"ex-wrestler",37
"ex-Hotel",37
"ex-consoli",37
"ex-villaggio",37
"ex-territori",37
"ex-ospedali",37
"ex-proprietà",37
"ex-canonica",37
"ex-Lucas",37
"ex-titolare",36
"ex-Sant''Uffizio",36
"ex-internato",36
"ex-esponenti",36
"datex-Ohmeda",36
"ex-coloniale",36
"ex-minimi",36
"ex-candidata",36
"ex-criminali",36
"ex-Dipartimento",35
"ex-Officine",35
"ex-prima",35
"ex-alcolizzato",35
"ex-municipalizzata",35
"ex-azionisti",35
"ex-potenza",35
"ex-capolista",35
"ex-inpdap",35
"ex-Unicem",35
"ex-leghista",35
"ex-obesi",35
"ex-latteria",35
"ex-pci",35
"ex-alunne",34
"Courmayeur-Champex-Chamonix",34
"ex-direttori",34
"ex-chiesetta",34
"ex-uffici",34
"ex-discoteca",34
"flex-fuel",34
"ex-Alfa",34
"FA-Vortex-Vega",34
"ex-S",34
"ex-colonizzati",34
"ex-liceo",34
"ex-Vice",34
"ex-repubblichini",34
"ex-Campione",34
"sex-offenders",34
"ex-taverniere",34
"ex-Lakers",34
"Cortex-A75",34
"ex-Japan",34
"ex-seminaristi",34
"ex-stasis",33
"ex-sceriffo",33
"ex-tennista",33
"ex-eroe",33
"ex-prodotti",33
"ex-prigione",33
"ex-teatro",33
"ex-Milan",33
"ex-attivista",33
"ex-coltivi",33
"ex-Fornace",33
"ex-stato",33
"sex-positive",33
"ex-Tribunale",33
"ex-The",33
"ex-mercenario",33
"ex-Bologna",33
"ex-brigatisti",33
"sex-workers",33
"ex-dividendo",33
"ex-Opg",32
"ex-naufraga",32
"ex-iridato",32
"ex-azzurro",32
"ex-detenuta",32
"ex-maestra",32
"ex-Genesis",32
"ex-fabrica",32
"ex-sviluppatori",32
"ex-cotonificio",32
"Tex-mex",32
"ex-arcivescovo",32
"ex-McKinsey",32
"Cortex-A",32
"ex-Patto",32
"ex-apprendisti",32
"ex-redattore",32
"ex-circondario",32
"ex-gieffini",31
"ex-ferrovie",31
"ex-Nuggets",31
"ex-tossici",31
"ex-facoltà",31
"ex-garibaldino",31
"ex-Colorificio",31
"ex-ragazze",31
"ex-autista",31
"ex-degenti",31
"ex-fumatrice",31
"Cortex-A17",31
"ex-club",31
"ex-Oratorio",30
"ex-principe",30
"ex-Sisas",30
"ex-famiglia",30
"ex-scientologist",30
"ex-spogliarellista",30
"Adipex-P",30
"ex-sovrani",30
"ex-maggiore",30
"ex-territorio",30
"ex-abate",30
"flex-grow",30
"ex-macelli",30
"ex-Villa",30
"ex-imprenditore",30
"ex-RSI",30
"ex-Marine",30
"ex-Mangiamorte",30
"ex-cognato",30
"ex-professoressa",30
"Cortex-A35",30
"ex-anglicani",30
"ex-senatori",30
"ex-feudi",30
"ex-PD",30
"ex-birreria",30
"Librex-Montale",30
"ex-sostenitori",30
"ex-primario",29
"ex-top",29
"ex-cattolico",29
"ex-feudatari",29
"ex-Consorzio",29
"ex-catedra",29
"ex-Commissario",29
"Cellex-C",29
"ex-miss",29
"ex-editore",29
"ex-RDT",29
"ex-superiore",29
"ex-CNR",29
"sex-worker",29
"ex-voti",29
"ex-Warriors",29
"ex-pirata",29
"ex-clinica",29
"flex-shrink",29
"Nex-3",29
"ex-PDL",29
"Cortex-M7",29
"ex-juventino",28
"ex-Arsenale",28
"ex-cieco",28
"ex-musicista",28
"ex-stalinisti",28
"ex-INEA",28
"ex-comuniste",28
"ex-satelliti",28
"ex-isola",28
"Flex-Able",28
"ex-ippodromo",28
"ex-interinali",28
"ex-team",28
"ex-Repubbliche",28
"ex-statali",28
"ex-Cavs",28
"sex-tape",28
"ex-proprietaria",28
"ex-occupati",28
"ex-lettori",28
"ex-cuoco",28
"ex-minatore",28
"ex-promessa",28
"ex-aquilotto",28
"ex-candidati",28
"ex-fiera",28
"ex-apprendista",28
"Cortex-A5",28
"Selex-Finmeccanica",28
"ex-mensa",28
"ex-Equitalia",28
"Cortex-A77",28
"ex-nobili",28
"Kart-Vortex-LeCont",28
"ex-circoscrizione",28
"ex-conventi",28
"ex-conduttore",27
"ex-diessini",27
"ex-Corvonero",27
"ex-Monopoli",27
"ex-Montedison",27
"ex-Roma",27
"ex-Zuffo",27
"ex-gerarchi",27
"ex-Wolves",27
"ex-modello",27
"ex-coinquilino",27
"ex-FS",27
"ex-grillini",27
"ex-regime",27
"ex-pianeta",27
"ex-Ente",27
"ex-radicali",26
"ex-naufrago",26
"ex-DM",26
"ex-feudali",26
"ex-Nets",26
"ex-tdG",26
"ex-cementificio",26
"ex-falegnameria",26
"ex-istituto",26
"ex-Alitalia",26
"ex-Scientologist",26
"ex-ballerino",26
"ex-Consigliere",26
"ex-palestra",26
"ex-madrepatria",26
"ex-operaia",26
"ex-segretari",26
"sex-club",26
"ex-singer",26
"ex-Poste",26
"ex-USA",26
"ex-porto",26
"ex-Pescheria",26
"ex-Bucks",26
"ex-Raptors",26
"Selex-ES",26
"ex-patron",26
"ex-fonderia",26
"ex-senatrice",26
"ex-ECA",26
"sex-addicted",26
"ex-manicomi",25
"ex-radicale",25
"Apex-Brasil",25
"ex-Olivetti",25
"ex-raffineria",25
"ex-Seminario",25
"ex-Scuole",25
"ex-bancario",25
"ex-spie",25
"Fedex-Tnt",25
"ex-deputata",25
"ex-investigatore",25
"ex-pagani",25
"ex-marinaio",25
"ex-Celtics",25
"ex-pastore",25
"ex-elettore",25
"ex-Card",25
"ex-franchigia",25
"ex-Filanda",25
"ex-imperatrice",25
"ex-lottatore",25
"ex-Pd",25
"ex-Kings",25
"ex-Pacers",25
"ex-ds",25
"ex-ladro",25
"ex-rappresentante",25
"sex-ratio",25
"sex-offender",25
"sex-gate",25
"ex-Ipost",24
"ex-Area",24
"ex-barboun",24
"ex-cestista",24
"ex-siste",24
"ex-IPAB",24
"ex-stasi",24
"ex-Hornets",24
"ex-questore",24
"ex-banca",24
"ex-Helloween",24
"ex-complice",24
"ex-Salesiani",24
"ex-rurali",24
"ex-rivali",24
"ex-Colonia",24
"ex-provinciale",24
"ex-delfino",24
"ex-austriaco",24
"ex-democristiana",24
"ex-Centro",24
"ex-Forza",24
"ex-società",24
"ex-assistiti",24
"ex-signora",24
"ex-opificio",24
"1953.........ex-eremita,maniaco",24
"ex-Pretura",24
"ex-nerd-chatters-slayer",24
"ex-prof",24
"ex-cortina",24
"ex-camerati",24
"ex-FI",24
"ex-Leuci",24
"ex-fumatrici",24
"ex-Eridania",24
"ex-lavoratrici",24
"ex-professo",24
"ex-buttafuori",24
"ex-Lega",24
"ex-amiche",24
"ex-vicedirettore",24
"ex-up",24
"ex-uomini",24
"ex-giocatrice",23
"ex-discariche",23
"ex-principessa",23
"ex-Smiths",23
"ex-discepolo",23
"ex-giornalisti",23
"ex-alleata",23
"ex-Ddr",23
"ex-primi",23
"ex-ginnasta",23
"ex-margherita",23
"ex-gesuiti",23
"ex-istituti",23
"ex-ILA",23
"ex-Albergo",23
"ex-pubblico",23
"ex-Museo",23
"ex-garibaldini",23
"ex-avversario",23
"ex-ingegneri",23
"ex-austriache",23
"ex-enfant",23
"ex-Mercati",23
