"neo-laureati",2816
"neo-presidente",2808
"neo-eletto",2098
"neo-mamme",2062
"neo-liberista",1764
"neo-mamma",1484
"neo-assunti",1484
"neo-liberismo",1332
"neo-genitori",1288
"neo-machiavelli",985
"neo-liberale",871
"neo-ministro",863
"neo-nazisti",862
"neo-entrato",844
"neo-con",809
"neo-laureato",808
"neo-diplomati",785
"neo-acquisto",782
"neo-gotico",773
"neo-classico",772
"neo-costituita",713
"neo-promossa",702
"neo-fascisti",640
"neo-nazista",614
"neo-rinascimentale",613
"neo-fascista",610
"neo-sindaco",606
"neo-liberiste",605
"neo-costituito",601
"neo-nato",593
"neo-nata",564
"neo-papà",554
"neo-colonialismo",554
"neo-coloniale",521
"neo-imprenditori",515
"neo-eletti",504
"neo-assunto",504
"neo-conservatori",502
"neo-direttore",477
"neo-classica",461
"neo-Presidente",459
"neo-segretario",450
"neo-liberali",437
"neo-iscritti",437
"neo-assessore",382
"neo-campione",373
"neo-immessi",348
"neo-liberisti",342
"neo-promosso",328
"neo-realismo",320
"neo-noir",310
"neo-lingua",305
"neo-eletta",303
"neo-premier",301
"neo-folk",299
"neo-ottomana",298
"neo-maggiorenni",294
"neo-liberalismo",286
"Cuneo-Pinerolo",286
"neo-laureata",285
"neo-barocco",284
"neo-fascismo",279
"Cuneo-Ventimiglia",271
"neo-imprese",271
"neo-sposi",267
"neo-arrivato",266
"neo-patentati",266
"neo-romanico",266
"neo-arrivati",258
"neo-gotica",251
"neo-ottomano",250
"neo-paganesimo",247
"neo-coloniali",244
"litoraneo-montana",236
"neo-realista",228
"neo-medievale",226
"neo-avanguardia",223
"neo-conservatore",222
"neo-avanguardie",213
"neo-tecnico",207
"neo-soul",206
"neo-dottori",203
"neo-classicismo",198
"neo-allenatore",194
"neo-cons",193
"neo-zelandese",190
"neo-apostolici",190
"neo-apostolica",189
"neo-fasciste",186
"neo-governatore",185
"neo-capitalismo",181
"neo-prog",181
"neo-Chiesa",179
"neo-imprenditore",179
"neo-classici",174
"neo-costituite",174
"Cuneo-Nizza",172
"neo-modernista",171
"neo-ministra",166
"neo-nominato",166
"neo-modernismo",166
"neo-pop",163
"neo-nazi",163
"neo-naziste",156
"neo-promosse",156
"neo-platonica",152
"neo-darwinismo",152
"neo-babilonese",150
"neo-conservatrice",149
"neo-psichedelia",149
"neo-adiuvante",148
"neo-colonialista",147
"neo-scolastica",144
"neo-romantico",143
"neo-pagana",142
"peroneo-astragalico",141
"neo-diplomato",139
"neo-istituita",139
"neo-marito",137
"neo-classiche",135
"neo-centralismo",135
"neo-platonismo",134
"neo-marxista",134
"neo-diciottenni",133
"Cuneo-Levaldigi",133
"neo-idealismo",133
"neo-sposa",133
"neo-feudale",132
"neo-zelandesi",132
"Cuneo-Asti",131
"neo-cristiani",131
"neo-campioni",131
"neo-natale",130
"neo-consigliere",130
"neo-iscritto",129
"neo-commissario",129
"neo-convertiti",127
"neo-comunitari",126
"neo-patentato",126
"neo-pagano",126
"neo-nazismo",126
"neo-formazione",122
"neo-positivismo",121
"neo-dottore",121
"neo-corporativo",121
"neo-apostoliche",120
"neo-pagani",119
"neo-chiesa",117
"neo-latine",116
"neo-Ministro",115
"neo-imperiale",114
"neo-romanticismo",112
"neo-istituito",110
"neo-promossi",110
"neo-regista",109
"Daneo-Credaro",108
"neo-cardinale",106
"neo-assiro",105
"neo-governo",104
"neo-espressionismo",104
"neo-comunisti",103
"neo-romantica",102
"neo-keynesiani",100
"neo-acquisti",100
"neo-corteccia",100
"neo-greco",100
"neo-modernisti",100
"neo-bizantino",100
"neo-umanesimo",99
"neo-centrista",98
"neo-melodico",97
"neo-senatore",96
"neo-coppia",96
"neo-conservatorismo",96
"neo-deputato",95
"neo-espressionista",95
"neo-imperialismo",95
"neo-ottomane",94
"neo-platonico",93
"neo-nazionalismo",93
"Cuneo-Ventimiglia-Nizza",92
"neo-pro",92
"neo-madri",92
"neo-illuminista",90
"neo-ottomanesimo",90
"neo-keynesiana",89
"neo-giustizia",89
"neo-dottoressa",89
"neo-maggiorenne",89
"neo-darwiniana",88
"neo-sposini",88
"neo-keynesiano",88
"neo-proprietari",88
"neo-rinascimentali",87
"neo-platonici",87
"neo-borbonici",87
"neo-marxisti",87
"neo-immatricolati",84
"neo-leader",84
"Cattaneo-Deledda",84
"neo-barocca",84
"neo-Sindaco",83
"neo-acquisita",81
"neo-keynesiane",80
"neo-gotiche",80
"neo-moglie",80
"neo-abilitati",79
"Cuneo-Mondovì",79
"neo-angiogenesi",78
"neo-partito",78
"neo-battezzati",77
"neo-corporativa",77
"neo-imprenditrici",77
"neo-genitore",77
"neo-catecumenale",75
"neo-feudalesimo",75
"neo-proprietario",74
"Litoraneo-Montana",74
"neo-colonizzazione",74
"neo-responsabile",74
"neo-professionisti",73
"neo-latina",73
"neo-populismo",73
"neo-illuminismo",73
"neo-capitano",73
"neo-insediato",73
"Cattaneo-LIUC",73
"neo-standard",72
"neo-pensionato",72
"neo-stregoneria",72
"neo-psichedelica",72
"neo-ottomanismo",71
"neo-testamentaria",71
"neo-candidato",71
"neo-impressionismo",71
"neo-positivista",70
"neo-protezionismo",70
"peritoneo-vaginale",70
"neo-malthusianesimo",69
"neo-testamentari",69
"neo-latino",69
"neo-sposo",68
"neo-gnosticismo",68
"Cuneo-Torino",68
"neo-nazionalista",68
"neo-vescovo",68
"neo-coordinatore",67
"neo-consiglieri",67
"neo-moresco",67
"neo-impressionista",67
"neo-impresa",66
"neo-fondamentalismo",66
"neo-progressive",66
"neo-gollista",66
"neo-romantici",65
"neo-comunista",65
"neo-convertito",64
"neo-psichedelico",63
"neo-campionessa",63
"neo-rieletto",63
"neo-nati",63
"neo-immesso",62
"neo-imperialista",62
"neo-dirigente",62
"neo-medioevale",62
"neo-tradizionalismo",62
"neo-direttrice",62
"neo-formato",62
"neo-Fraternità",61
"neo-femminismo",60
"neo-tradizionalista",60
"neo-vincitore",59
"neo-pentecostali",59
"neo-arrivata",58
"neo-testamentario",58
"neo-gotici",58
"neo-corporativismo",58
"neo-romanica",58
"neo-cittadini",58
"neo-nazionalisti",58
"neo-neorealismo",57
"neo-protestante",57
"neo-pensionati",57
"neo-assunta",57
"neo-pagane",57
"neo-coach",57
"neo-razzismo",56
"neo-marxismo",56
"neo-entrata",56
"neo-colonialisti",55
"neo-mercantilista",55
"neo-industriale",55
"cutaneo-mucose",54
"neo-capitalista",54
"neo-schiavitù",54
"neo-spiritualismo",54
"neo-formata",54
"neo-democristiano",54
"neo-catecumenali",53
"neo-primo",53
"neo-parlamentari",53
"neo-diplomata",53
"neo-vescica",53
"neo-greca",53
"neo-fondata",53
"neo-diciottenne",52
"neo-melodici",52
"neo-futurista",52
"neo-kantismo",51
"neo-entrati",51
"neo-borghese",51
"neo-blogger",51
"neo-diagnosticati",51
"neo-padri",50
"neo-mercantilismo",50
"neo-aristocratica",50
"neo-schiavismo",50
"neo-centralista",49
"neo-liberty",49
"neo-colonialiste",49
"neo-lusso",49
"neo-dirigenti",49
"neo-ministri",48
"neo-darwiniano",48
"neo-madre",48
"neo-nate",48
"neo-vintage",47
"neo-dada",47
"neo-specialisti",47
"neo-politica",47
"neo-parlamentare",47
"neo-eneolitico",47
"balneo-termali",47
"neo-latini",47
"neo-televisione",47
"neo-imperiali",47
"neo-sindaca",47
"neo-sacerdote",47
"neo-padre",46
"neo-darwinisti",45
"neo-melodica",45
"neo-borbonico",45
"neo-conservatrici",45
"neo-professionista",45
"neo-ottomani",45
"neo-immigrati",44
"neo-idealista",44
"neo-autoritarismo",44
"neo-laureate",44
"neo-battezzato",44
"neo-Nazi",44
"neo-socio",44
"neo-elette",44
"neo-confucianesimo",44
"neo-imperatore",43
"neo-costituiti",43
"neo-borghesia",43
"neo-punk",43
"neo-introdotto",43
"neo-legamento",43
"neo-italiani",43
"neo-realisti",42
"neo-darwinista",42
"neo-kantiana",42
"neo-guelfo",42
"neo-nominati",42
"neo-magistrati",42
"neo-liberal",42
"neo-senatrice",41
"neo-residenti",41
"neo-capolista",41
"neo-specializzati",41
"neo-rococò",41
"neo-templari",41
"neo-società",41
"neo-apostolico",41
"neo-campionesse",41
"peroneo-calcaneare",41
"Fortuneo-Vital",40
"neo-hippy",40
"neo-vicepresidente",40
"neo-arcivescovo",40
"neo-brigatisti",40
"neo-socialista",40
"neo-isolazionismo",40
"neo-tradizionalisti",40
"neo-assessori",40
"neo-possessore",39
"neo-ortodossia",39
"neo-Assessore",39
"neo-keynesismo",39
"neo-aristocratici",39
"neo-istituzionale",39
"neo-comandante",39
"neo-umanista",39
"neo-comunismo",39
"neo-formazioni",39
"neo-religione",39
"neo-guelfismo",39
"neo-positivisti",38
"Cuneo-Saluzzo",38
"neo-romantiche",38
"neo-kantiano",38
"neo-istituzionalismo",38
"neo-costituzionalismo",38
"neo-segretaria",38
"neo-Campione",38
"neo-immessa",37
"neo-femminista",37
"ligneo-cellulosici",37
"neo-idealistica",37
"neo-italiano",37
"neo-single",37
"neo-stato",37
"neo-gnostica",37
"neo-babilonesi",37
"neo-tradizionale",37
"neo-primatista",37
"neo-fondamentalista",37
"neo-nazionalismi",37
"neo-dadaista",36
"neo-ittiti",36
"neo-nazionaliste",36
"neo-autoritaria",36
"neo-retrò",36
"neo-garage",36
"neo-indipendente",36
"neo-premio",36
"neo-crociati",35
"neo-cristianesimo",35
"neo-hippie",35
"neo-gnostico",35
"neo-malthusiano",35
"neo-movimento",35
"neo-retrocessa",35
"neo-tomismo",35
"neo-assira",35
"corneo-congiuntivale",35
"neo-fidanzata",35
"neo-famiglia",34
"neo-kantiani",34
"neo-capogruppo",34
"neo-barocchi",34
"neo-sottosegretario",34
"neo-platoniche",34
"neo-corporativi",34
"neo-istituite",34
"neo-pizzica",34
"Cattaneo-Dall''Aglio",34
"neo-templare",34
"Mediterraneo-Mar",34
"neo-deputata",34
"neo-teologi",34
"neo-disoccupati",34
"neo-ricchi",34
"Cuneo-Fossano",34
"neo-famiglie",33
"neo-tribalismo",33
"neo-teologia",33
"neo-hegelismo",33
"neo-hegeliano",33
"neo-corporative",33
"neo-oligarchica",33
"neo-associazione",33
"neo-nominata",33
"neo-autoritario",33
"mediterraneo-orientale",33
"neo-compagno",33
"neo-malthusiana",33
"neo-futurismo",33
"neo-formati",33
"neo-cinquecentesco",33
"neo-templarismo",33
"neo-centristi",32
"neo-welfare",32
"neo-Stato",32
"calcaneo-cuboidea",32
"Litoraneo-montana",32
"neo-protestanti",32
"neo-iscritta",32
"neo-gnostici",32
"neo-bizantina",32
"neo-assiri",32
"cutaneo-mucosa",32
"neo-orfica",31
"neo-criticismo",31
"neo-medici",31
"neo-marxiste",31
"neo-protezionista",31
"neo-terrorismo",31
"neo-retrocesso",31
"neo-luddista",31
"neo-tecnologie",31
"neo-papa",31
"neo-sviluppista",31
"neo-fidanzato",31
"neo-centrismo",30
"neo-populisti",30
"neo-guelfa",30
"neo-contrattualismo",30
"neo-medievali",30
"neo-malthusiani",30
"neo-tomista",30
"neo-impressionisti",30
"neo-democristiani",30
"neo-insediata",30
"neo-primitivismo",30
"neo-fondamentalisti",30
"neo-stalinista",29
"neo-cristiano",29
"neo-spose",29
"neo-capitalistica",29
"neo-ittita",29
"neo-vedova",29
"neo-utenti",29
"neo-riformismo",29
"neo-borghesi",29
"neo-inseriti",29
"mediterraneo-mediorientale",29
"neo-malthusiane",29
"neo-fidanzati",29
"neo-aristocratico",29
"neo-mister",29
"neo-barocche",29
"neo-stalinisti",28
"neo-cattolici",28
"neo-ct",28
"neo-governatrice",28
"neo-borbonica",28
"neo-neo",28
"neo-contadini",28
"neo-consigliera",28
"neo-duchessa",28
"neo-banca",28
"neo-insegnante",28
"neo-giacobini",28
"neo-autoritari",28
"neo-comitato",28
"neo-funzionalismo",28
"neo-inserito",28
"neo-procuratore",28
"neo-ingegnere",28
"neo-fondato",28
"neo-schiavi",28
"neo-impero",28
"neo-ortodossa",27
"neo-feudali",27
"neo-oligarchico",27
"neo-ustascia",27
"neo-istituzionalista",27
"neo-nonni",27
"neo-riformista",27
"balneo-termale",27
"neo-beato",27
"neo-glam",27
"neo-piloti",27
"neo-manager",27
"neo-eneolitica",27
"neo-pelagianesimo",27
"neo-avvocati",27
"neo-ingegneri",27
"mediterraneo-occidentale",27
"neo-diplomate",27
"torneo-esibizione",27
"neo-deputati",27
"neo-alleati",26
"neo-rurali",26
"neo-adiuvanti",26
"neo-cavaliere",26
"neo-vincitrice",26
"neo-metanista",26
"neo-melodiche",26
"neo-cubista",26
"neo-vascolarizzazione",26
"neo-razionalista",26
"neo-ordinato",26
"neo-psichedeliche",26
"neo-gruppo",26
"neo-ericksoniana",26
"neo-isolazionista",26
"neo-introdotta",26
"neo-umanistica",26
"neo-sintesi",26
"neo-autoritarie",26
"neo-cittadino",26
"Cuneo-Limone-Ventimiglia",26
"neo-colonia",26
"http://neo-machiavelli.ilcannocchiale.it/",26
"neo-lavoratori",26
"neo-agricoltori",25
"neo-porporato",25
"neo-cardinali",25
"neo-capo",25
"neo-Segretario",25
"neo-estrattivismo",25
"neo-espressionisti",25
"neo-western",25
"neo-psych",25
"neo-blog",25
"neo-pilota",25
"neo-egizio",25
"neo-aramaico",25
"neo-pentecostale",25
"neo-rettore",25
"neo-testamentarie",25
"neo-luddismo",25
"neo-lira",25
"Cuneo-Limone",25
"fango-balneo-terapia",25
"neo-amministratore",25
"neo-sacerdoti",25
"neo-centriste",24
"neo-aderenti",24
"neo-illuministi",24
"neo-juventino",24
"neo-occupati",24
"neo-utente",24
"neo-pitagorico",24
"neo-brevettati",24
"neo-elettori",24
"neo-mutualismo",24
"neo-tribali",24
"neo-collagene",24
"neo-repubblica",24
"cutaneo-adiposo",24
"neo-democristiana",24
"neo-moderna",24
"neo-imperialiste",24
"neo-volontari",23
"neo-illuministica",23
"neo-abilitato",23
"neo-rétro",23
"neo-populista",23
"neo-capitalistico",23
"neo-regina",23
"neo-guelfi",23
"neo-rinascimento",23
"neo-pitagorica",23
"neo-bop",23
"neo-pentito",23
"neo-avvocato",23
"neo-confuciana",23
"neo-professi",23
"neo-docenti",23
"neo-assessora",23
"neo-prefetto",23
"neo-ambasciatore",23
"neo-realistica",22
"neo-femministe",22
"neo-laburista",22
"neo-affiliati",22
"neo-vuoto",22
"neo-rossazzurro",22
"neo-darwiniani",22
"neo-re",22
"neo-acquisite",22
"neo-porporati",22
"neo-qualificati",22
"neo-ordinati",22
"neo-ortodosso",22
"neo-pontefice",22
"neo-sciamanesimo",22
"neo-sovranismo",22
"Fortuneo-Samsic",22
"neo-umanistico",22
"neo-psichiatria",22
"neo-socialismo",22
"neo-empirismo",22
"neo-socialisti",22
"neo-oscurantismo",22
"neo-tribale",22
"neo-revisionisti",22
"neo-aziende",22
"neo-genitorialità",22
"neo-mudéjar",22
"neo-religiosa",22
"neo-reporter",22
"neo-architetto",22
"neo-clericalismo",22
"neo-imprenditorialità",22
"neo-amministrazione",22
"neo-realistico",21
"neo-statalismo",21
"neo-talebani",21
"neo-sposina",21
"neo-membro",21
"neo-abilitata",21
"neo-quotate",21
"neo-vampiro",21
"neo-eretta",21
"Cuneo-Borgo",21
"neo-Governo",21
"neo-protestantesimo",21
"neo-Direttore",21
"neo-manierista",21
"neo-confuciano",21
"neo-confermato",21
"neo-comunitario",21
"neo-professore",21
"neo-natali",21
"neo-sviluppismo",21
"neo-collega",21
"neo-colleghi",21
"neo-classicista",21
"Cuneo-Saluzzo-Savigliano",20
"neo-advaita",20
"neo-metafisica",20
"neo-ex",20
"neo-democratici",20
"neo-meridionalismo",20
"neo-uretra",20
"neo-coppie",20
"neo-iscritte",20
"neo-gnostiche",20
"neo-battezzata",20
"neo-regionalismo",20
"neo-revisionismo",20
"neo-giocatori",20
"neo-totalitarismo",20
"neo-autori",20
"neo-giacobina",20
"neo-soci",20
"Cattaneo-Liuc",20
"Cuneo-Imperia",20
"mediterraneo-atlantica",20
"neo-assunte",20
"Cattaneo-Mattei",20
"neo-municipalismo",20
"neo-arbitri",20
"neo-formate",20
"neo-clericale",20
"neo-dialettale",20
"neo-destra",20
"neo-designato",20
"neo-possessori",19
"neo-cristiana",19
"neo-veneta",19
"neo-vasi",19
"neo-sovranista",19
"neo-Nobel",19
"neo-burlesque",19
"neo-nonna",19
"neo-protezionistiche",19
"neo-provincia",19
"neo-nicotinoidi",19
"neo-Governatore",19
"neo-coniugi",19
"neo-giacobino",19
"neo-geo",19
"neo-attrice",19
"mediterraneo-montana",19
"neo-docente",19
"neo-socialdemocrazia",19
"neo-atlantismo",19
"neo-aristotelismo",19
"neo-direttori",19
"neo-incoronato",19
"neo-presidentessa",19
"neo-rurale",18
"neo-affiliato",18
"neo-vittoriana",18
"neo-cattolicesimo",18
"neo-qualcosa",18
"neo-romano",18
"neo-romana",18
"Cattaneo-Adorno",18
"neo-istituto",18
"neo-gollisti",18
"neo-persiano",18
"neo-iridato",18
"neo-interventismo",18
"neo-manierismo",18
"neo-rockabilly",18
"neo-FSSPX",18
"neo-giocatore",18
"neo-sindaci",18
"neo-insegnanti",18
"neo-concettuale",18
"neo-tradizionali",18
"neo-trader",18
"neo-attori",18
"neo-professe",18
"ligneo-cellulosico",18
"ligneo-cellulosica",18
"neo-dittatore",18
"neo-tv",18
"neo-arrivate",18
"neo-collaboratore",18
"neo-lettori",18
"neo-pragmatismo",18
"neo-presidenti",18
"balneo-terapia",18
"neo-missionarie",18
"neo-amministratori",18
"neo-cinquantenne",18
"neo-agricoltura",17
"neo-orientale",17
"neo-catecumeni",17
"neo-acquirenti",17
"neo-dadaisti",17
"neo-cultura",17
"neo-quattrocentesco",17
"neo-statalista",17
"neo-eurasismo",17
"neo-romanici",17
"neo-costruttivista",17
"neo-costruito",17
"neo-guerra",17
"neo-risorgimentale",17
"neo-pitagorismo",17
"neo-convertita",17
"neo-eneolitici",17
"neo-neorealista",17
"neo-medievalismo",17
"neo-contadino",17
"neo-confuciani",17
"neo-specialista",17
"neo-borboniche",17
"neo-azzurro",17
"neo-terrorista",17
"neo-assolutismo",17
"neo-aristotelica",17
"neo-collezionisti",17
"neo-preside",17
"peroneo-calcaneale",17
"cutaneo-muscolare",17
"neo-formalismo",17
"corneo-congiuntivali",17
"neo-antigeni",17
"neo-antifascismo",17
"neo-proclamata",17
"neo-moderno",17
"neo-leghista",17
"calcaneo-navicolare",17
"neo-imprenditrice",17
"neo-democrazia",17
"neo-figurativo",17
"neo-illuministico",16
"neo-orientali",16
"neo-orfismo",16
"neo-cattolico",16
"neo-meridionalista",16
"neo-acquisito",16
"neo-cartalismo",16
"neo-cubismo",16
"neo-europarlamentare",16
"neo-idealisti",16
"neo-capitale",16
"neo-hegeliani",16
"neo-cancelliere",16
"neo-onorevole",16
"neo-istituzionali",16
"neo-surrealismo",16
"neo-Mamelucchi",16
"neo-istituiti",16
"neo-pentecostalismo",16
"neo-consulente",16
"neo-contadina",16
"neo-ricco",16
"neo-bistrot",16
"neo-Darwinismo",16
"neo-conservative",16
"neo-giudice",16
"neo-proletariato",16
"neo-surrealista",16
"neo-retro",16
"neo-industriali",16
"neo-patentata",16
"neo-teo-con",16
"neo-palladiano",16
"neo-associati",16
"neo-disoccupato",16
"https://library.weschool.com/lezione/moto-rettilineo-uniformemente-accelerato-formule-6603.html",16
"neo-parroco",16
"neo-primitivo",16
"neo-inaugurato",16
"neo-scrittore",16
"neo-mogliettina",16
"neo-diagnosticato",16
"neo-anarchismo",16
"balneo-fangoterapia",16
"tendineo-muscolare",16
"neo-scolastico",16
"Torino-Cuneo-Ventimiglia",16
"neo-vittoriano",15
"neo-minimalismo",15
"neo-star",15
"neo-agente",15
"neo-ortodossi",15
"neo-adulto",15
"neo-regime",15
"neo-razzista",15
"neo-populismi",15
"neo-tifinagh",15
"neo-spiritualisti",15
"neo-crociato",15
"neo-spiritualista",15
"neo-medioevo",15
"neo-Repubblica",15
"neo-candidati",15
"neo-Rettore",15
"neo-sommelier",15
"neo-contro",15
"neo-provenzale",15
"neo-nietzschiano",15
"neo-persiana",15
"neo-nomadismo",15
"neo-ellenico",15
"neo-bizantini",15
"neo-riconfermato",15
"neo-maoismo",15
"neo-vampira",15
"neo-beat''em",15
"neo-manicomiali",15
"neo-DSGA",15
"neo-proprietaria",15
"neo-Consigliere",15
"neo-banche",15
"neo-ebraica",15
"neo-magistrato",15
"neo-CT",15
"neo-revisionista",15
"neo-proibizionismo",15
"neo-comunitaria",15
"Cuneo-Dronero",15
"neo-luddisti",15
"neo-componente",15
"neo-restaurata",15
"neo-colonie",15
"neo-individualismo",15
"ligneo-cellulosiche",15
"neo-disciplina",15
"neo-artisti",15
"neo-artigianale",15
"neo-patriarca",15
"neo-aristotelico",15
"neo-moresca",15
"cutaneo-mucosi",15
"neo-lettore",15
"neo-scrittori",15
"neo-lib",15
"neo-liberalista",15
"neo-sannyasin",15
"neo-classe",15
"neo-amico",15
"apollineo-dionisiaco",15
"neo-tesserato",15
"neo-modernistica",15
"neo-amici",15
"Cuneo-Pro",15
"http://www.ccpo.it/gazzetta-dj/comunicati/6641-ostato-con-il-massimo-dei-voti-auguri-al-neo-dottore",15
"neo-affiliata",14
"neo-democratica",14
"neo-acquirente",14
"neo-mercantiliste",14
"neo-operaista",14
"neo-post",14
"neo-candidata",14
"neo-puritanesimo",14
"neo-Premier",14
"neo-medico",14
"neo-nonno",14
"neo-mecenatismo",14
"neo-cacciatori",14
"neo-pitagorici",14
"neo-greci",14
"neo-plastica",14
"neo-introdotti",14
"neo-introdotte",14
"neo-giunta",14
"neo-Dc",14
"neo-mammina",14
"neo-band",14
"neo-concordataria",14
"neo-santo",14
"Mediterraneo-Maison",14
"neo-religiosi",14
"neo-signora",14
"mediterraneo-orientali",14
"neo-genin",14
"neo-compagni",14
"neo-divorziata",14
"neo-futuristi",14
"mediterraneo-continentale",14
"neo-professoressa",14
"neo-induismo",14
"neo-principessa",14
"neo-freudiana",14
"neo-restaurato",14
"neo-lire",14
"neo-chic",14
"neo-schiavista",14
"neo-dipendenti",14
"neo-aramaica",14
"Torino-Cuneo-Ventimiglia-Nizza",14
"cutaneo-mucoso",14
"neo-misticismo",14
"corneo-sclerale",14
"neo-residente",14
"Cattaneo-Vietti",14
